Row Type,Action,Status,Campaign,Ad Group,Keyword,Match Type,Final URL,Ad Type,Headline 1,Headline 2,Headline 3,Headline 4,Headline 5,Headline 6,Headline 7,Headline 8,Headline 9,Headline 10,Headline 11,Headline 12,Headline 13,Headline 14,Headline 15,Description 1,Description 2,Description 3,Description 4,Path 1,Path 2,Campaign Type,Campaign Subtype,Budget,Budget Type,Target Network,Languages,Location,Bid Strategy Type
Campaign,Add,Enabled,StreamStick Pro - IPTV Subscriptions,,,,,,,,,,,,,,,,,,,,,,,,,,,Search,Standard,10,Daily,Google search,English,"United States,Canada",Maximize Conversions
Campaign,Add,Enabled,StreamStick Pro - FireStick Sales,,,,,,,,,,,,,,,,,,,,,,,,,,,Search,Standard,10,Daily,Google search,English,"United States,Canada",Maximize Conversions
Ad Group,Add,Enabled,StreamStick Pro - IPTV Subscriptions,IPTV Direct - Buyer Intent,,,,,,,,,,,,,,,,,,,,,,,,,,,,,,,,,
Ad Group,Add,Enabled,StreamStick Pro - IPTV Subscriptions,Jailbroken & Preloaded Devices,,,,,,,,,,,,,,,,,,,,,,,,,,,,,,,,,
Ad Group,Add,Enabled,StreamStick Pro - IPTV Subscriptions,Cable Cutter Cord Cutter,,,,,,,,,,,,,,,,,,,,,,,,,,,,,,,,,
Ad Group,Add,Enabled,StreamStick Pro - IPTV Subscriptions,Live TV Streaming,,,,,,,,,,,,,,,,,,,,,,,,,,,,,,,,,
Ad Group,Add,Enabled,StreamStick Pro - IPTV Subscriptions,Free Trial Low Price,,,,,,,,,,,,,,,,,,,,,,,,,,,,,,,,,
Ad Group,Add,Enabled,StreamStick Pro - FireStick Sales,FireStick IPTV Setup,,,,,,,,,,,,,,,,,,,,,,,,,,,,,,,,,
Ad Group,Add,Enabled,StreamStick Pro - FireStick Sales,Jailbroken FireStick Buy,,,,,,,,,,,,,,,,,,,,,,,,,,,,,,,,,
Ad Group,Add,Enabled,StreamStick Pro - FireStick Sales,Fire TV Device Sales,,,,,,,,,,,,,,,,,,,,,,,,,,,,,,,,,
Ad Group,Add,Enabled,StreamStick Pro - FireStick Sales,Streaming Device General,,,,,,,,,,,,,,,,,,,,,,,,,,,,,,,,,
Keyword,Add,Enabled,StreamStick Pro - IPTV Subscriptions,IPTV Direct - Buyer Intent,buy iptv subscription,Phrase,,,,,,,,,,,,,,,,,,,,,,,,,,,,,,,,
Keyword,Add,Enabled,StreamStick Pro - IPTV Subscriptions,IPTV Direct - Buyer Intent,iptv subscription usa,Phrase,,,,,,,,,,,,,,,,,,,,,,,,,,,,,,,,
Keyword,Add,Enabled,StreamStick Pro - IPTV Subscriptions,IPTV Direct - Buyer Intent,best iptv service usa,Phrase,,,,,,,,,,,,,,,,,,,,,,,,,,,,,,,,
Keyword,Add,Enabled,StreamStick Pro - IPTV Subscriptions,IPTV Direct - Buyer Intent,cheap iptv service,Phrase,,,,,,,,,,,,,,,,,,,,,,,,,,,,,,,,
Keyword,Add,Enabled,StreamStick Pro - IPTV Subscriptions,IPTV Direct - Buyer Intent,premium iptv subscription,Phrase,,,,,,,,,,,,,,,,,,,,,,,,,,,,,,,,
Keyword,Add,Enabled,StreamStick Pro - IPTV Subscriptions,IPTV Direct - Buyer Intent,iptv service usa canada,Phrase,,,,,,,,,,,,,,,,,,,,,,,,,,,,,,,,
Keyword,Add,Enabled,StreamStick Pro - IPTV Subscriptions,IPTV Direct - Buyer Intent,iptv monthly subscription,Phrase,,,,,,,,,,,,,,,,,,,,,,,,,,,,,,,,
Keyword,Add,Enabled,StreamStick Pro - IPTV Subscriptions,IPTV Direct - Buyer Intent,iptv annual plan,Phrase,,,,,,,,,,,,,,,,,,,,,,,,,,,,,,,,
Keyword,Add,Enabled,StreamStick Pro - IPTV Subscriptions,IPTV Direct - Buyer Intent,iptv 12 month subscription,Phrase,,,,,,,,,,,,,,,,,,,,,,,,,,,,,,,,
Keyword,Add,Enabled,StreamStick Pro - IPTV Subscriptions,IPTV Direct - Buyer Intent,iptv streaming service,Phrase,,,,,,,,,,,,,,,,,,,,,,,,,,,,,,,,
Keyword,Add,Enabled,StreamStick Pro - IPTV Subscriptions,IPTV Direct - Buyer Intent,best iptv 2025,Phrase,,,,,,,,,,,,,,,,,,,,,,,,,,,,,,,,
Keyword,Add,Enabled,StreamStick Pro - IPTV Subscriptions,IPTV Direct - Buyer Intent,top iptv provider usa,Phrase,,,,,,,,,,,,,,,,,,,,,,,,,,,,,,,,
Keyword,Add,Enabled,StreamStick Pro - IPTV Subscriptions,IPTV Direct - Buyer Intent,iptv service no buffering,Phrase,,,,,,,,,,,,,,,,,,,,,,,,,,,,,,,,
Keyword,Add,Enabled,StreamStick Pro - IPTV Subscriptions,IPTV Direct - Buyer Intent,hd iptv subscription,Phrase,,,,,,,,,,,,,,,,,,,,,,,,,,,,,,,,
Keyword,Add,Enabled,StreamStick Pro - IPTV Subscriptions,IPTV Direct - Buyer Intent,4k iptv service,Phrase,,,,,,,,,,,,,,,,,,,,,,,,,,,,,,,,
Keyword,Add,Enabled,StreamStick Pro - IPTV Subscriptions,IPTV Direct - Buyer Intent,iptv channels subscription,Phrase,,,,,,,,,,,,,,,,,,,,,,,,,,,,,,,,
Keyword,Add,Enabled,StreamStick Pro - IPTV Subscriptions,IPTV Direct - Buyer Intent,iptv live tv subscription,Phrase,,,,,,,,,,,,,,,,,,,,,,,,,,,,,,,,
Keyword,Add,Enabled,StreamStick Pro - IPTV Subscriptions,IPTV Direct - Buyer Intent,affordable iptv service,Phrase,,,,,,,,,,,,,,,,,,,,,,,,,,,,,,,,
Keyword,Add,Enabled,StreamStick Pro - IPTV Subscriptions,IPTV Direct - Buyer Intent,[buy iptv subscription],Exact,,,,,,,,,,,,,,,,,,,,,,,,,,,,,,,,
Keyword,Add,Enabled,StreamStick Pro - IPTV Subscriptions,IPTV Direct - Buyer Intent,[best iptv service usa],Exact,,,,,,,,,,,,,,,,,,,,,,,,,,,,,,,,
Keyword,Add,Enabled,StreamStick Pro - IPTV Subscriptions,IPTV Direct - Buyer Intent,[iptv subscription usa],Exact,,,,,,,,,,,,,,,,,,,,,,,,,,,,,,,,
Keyword,Add,Enabled,StreamStick Pro - IPTV Subscriptions,Jailbroken & Preloaded Devices,jailbroken firestick for sale,Phrase,,,,,,,,,,,,,,,,,,,,,,,,,,,,,,,,
Keyword,Add,Enabled,StreamStick Pro - IPTV Subscriptions,Jailbroken & Preloaded Devices,preloaded firestick,Phrase,,,,,,,,,,,,,,,,,,,,,,,,,,,,,,,,
Keyword,Add,Enabled,StreamStick Pro - IPTV Subscriptions,Jailbroken & Preloaded Devices,jailbroken fire stick,Phrase,,,,,,,,,,,,,,,,,,,,,,,,,,,,,,,,
Keyword,Add,Enabled,StreamStick Pro - IPTV Subscriptions,Jailbroken & Preloaded Devices,buy jailbroken firestick,Phrase,,,,,,,,,,,,,,,,,,,,,,,,,,,,,,,,
Keyword,Add,Enabled,StreamStick Pro - IPTV Subscriptions,Jailbroken & Preloaded Devices,preloaded amazon fire stick,Phrase,,,,,,,,,,,,,,,,,,,,,,,,,,,,,,,,
Keyword,Add,Enabled,StreamStick Pro - IPTV Subscriptions,Jailbroken & Preloaded Devices,firestick jailbreak service,Broad,,,,,,,,,,,,,,,,,,,,,,,,,,,,,,,,
Keyword,Add,Enabled,StreamStick Pro - IPTV Subscriptions,Jailbroken & Preloaded Devices,jailbroke fire tv stick,Broad,,,,,,,,,,,,,,,,,,,,,,,,,,,,,,,,
Keyword,Add,Enabled,StreamStick Pro - IPTV Subscriptions,Jailbroken & Preloaded Devices,preloaded fire tv,Phrase,,,,,,,,,,,,,,,,,,,,,,,,,,,,,,,,
Keyword,Add,Enabled,StreamStick Pro - IPTV Subscriptions,Jailbroken & Preloaded Devices,fully loaded firestick,Phrase,,,,,,,,,,,,,,,,,,,,,,,,,,,,,,,,
Keyword,Add,Enabled,StreamStick Pro - IPTV Subscriptions,Jailbroken & Preloaded Devices,fully loaded fire stick buy,Phrase,,,,,,,,,,,,,,,,,,,,,,,,,,,,,,,,
Keyword,Add,Enabled,StreamStick Pro - IPTV Subscriptions,Jailbroken & Preloaded Devices,jailbroken fire tv,Phrase,,,,,,,,,,,,,,,,,,,,,,,,,,,,,,,,
Keyword,Add,Enabled,StreamStick Pro - IPTV Subscriptions,Jailbroken & Preloaded Devices,custom firestick preloaded,Phrase,,,,,,,,,,,,,,,,,,,,,,,,,,,,,,,,
Keyword,Add,Enabled,StreamStick Pro - IPTV Subscriptions,Jailbroken & Preloaded Devices,firestick with apps preloaded,Phrase,,,,,,,,,,,,,,,,,,,,,,,,,,,,,,,,
Keyword,Add,Enabled,StreamStick Pro - IPTV Subscriptions,Jailbroken & Preloaded Devices,iptv preloaded firestick,Phrase,,,,,,,,,,,,,,,,,,,,,,,,,,,,,,,,
Keyword,Add,Enabled,StreamStick Pro - IPTV Subscriptions,Jailbroken & Preloaded Devices,jailbroken streaming device,Broad,,,,,,,,,,,,,,,,,,,,,,,,,,,,,,,,
Keyword,Add,Enabled,StreamStick Pro - IPTV Subscriptions,Jailbroken & Preloaded Devices,buy preloaded streaming stick,Phrase,,,,,,,,,,,,,,,,,,,,,,,,,,,,,,,,
Keyword,Add,Enabled,StreamStick Pro - IPTV Subscriptions,Jailbroken & Preloaded Devices,fire stick fully loaded usa,Phrase,,,,,,,,,,,,,,,,,,,,,,,,,,,,,,,,
Keyword,Add,Enabled,StreamStick Pro - IPTV Subscriptions,Jailbroken & Preloaded Devices,sideloaded firestick buy,Broad,,,,,,,,,,,,,,,,,,,,,,,,,,,,,,,,
Keyword,Add,Enabled,StreamStick Pro - IPTV Subscriptions,Cable Cutter Cord Cutter,cut the cord streaming service,Phrase,,,,,,,,,,,,,,,,,,,,,,,,,,,,,,,,
Keyword,Add,Enabled,StreamStick Pro - IPTV Subscriptions,Cable Cutter Cord Cutter,cancel cable alternative usa,Phrase,,,,,,,,,,,,,,,,,,,,,,,,,,,,,,,,
Keyword,Add,Enabled,StreamStick Pro - IPTV Subscriptions,Cable Cutter Cord Cutter,cord cutting live tv,Phrase,,,,,,,,,,,,,,,,,,,,,,,,,,,,,,,,
Keyword,Add,Enabled,StreamStick Pro - IPTV Subscriptions,Cable Cutter Cord Cutter,cable tv replacement streaming,Phrase,,,,,,,,,,,,,,,,,,,,,,,,,,,,,,,,
Keyword,Add,Enabled,StreamStick Pro - IPTV Subscriptions,Cable Cutter Cord Cutter,no cable live tv service,Phrase,,,,,,,,,,,,,,,,,,,,,,,,,,,,,,,,
Keyword,Add,Enabled,StreamStick Pro - IPTV Subscriptions,Cable Cutter Cord Cutter,best cord cutting service,Phrase,,,,,,,,,,,,,,,,,,,,,,,,,,,,,,,,
Keyword,Add,Enabled,StreamStick Pro - IPTV Subscriptions,Cable Cutter Cord Cutter,drop cable watch live tv,Broad,,,,,,,,,,,,,,,,,,,,,,,,,,,,,,,,
Keyword,Add,Enabled,StreamStick Pro - IPTV Subscriptions,Cable Cutter Cord Cutter,stream tv without cable,Phrase,,,,,,,,,,,,,,,,,,,,,,,,,,,,,,,,
Keyword,Add,Enabled,StreamStick Pro - IPTV Subscriptions,Cable Cutter Cord Cutter,online tv replacement cable,Broad,,,,,,,,,,,,,,,,,,,,,,,,,,,,,,,,
Keyword,Add,Enabled,StreamStick Pro - IPTV Subscriptions,Cable Cutter Cord Cutter,live tv cord cutting usa,Phrase,,,,,,,,,,,,,,,,,,,,,,,,,,,,,,,,
Keyword,Add,Enabled,StreamStick Pro - IPTV Subscriptions,Live TV Streaming,live tv streaming service,Phrase,,,,,,,,,,,,,,,,,,,,,,,,,,,,,,,,
Keyword,Add,Enabled,StreamStick Pro - IPTV Subscriptions,Live TV Streaming,watch live tv online usa,Phrase,,,,,,,,,,,,,,,,,,,,,,,,,,,,,,,,
Keyword,Add,Enabled,StreamStick Pro - IPTV Subscriptions,Live TV Streaming,stream live sports online,Phrase,,,,,,,,,,,,,,,,,,,,,,,,,,,,,,,,
Keyword,Add,Enabled,StreamStick Pro - IPTV Subscriptions,Live TV Streaming,live sports streaming subscription,Phrase,,,,,,,,,,,,,,,,,,,,,,,,,,,,,,,,
Keyword,Add,Enabled,StreamStick Pro - IPTV Subscriptions,Live TV Streaming,live tv app no cable,Phrase,,,,,,,,,,,,,,,,,,,,,,,,,,,,,,,,
Keyword,Add,Enabled,StreamStick Pro - IPTV Subscriptions,Live TV Streaming,sports live streaming service,Phrase,,,,,,,,,,,,,,,,,,,,,,,,,,,,,,,,
Keyword,Add,Enabled,StreamStick Pro - IPTV Subscriptions,Live TV Streaming,nfl live stream service,Phrase,,,,,,,,,,,,,,,,,,,,,,,,,,,,,,,,
Keyword,Add,Enabled,StreamStick Pro - IPTV Subscriptions,Live TV Streaming,nba live streaming subscription,Phrase,,,,,,,,,,,,,,,,,,,,,,,,,,,,,,,,
Keyword,Add,Enabled,StreamStick Pro - IPTV Subscriptions,Live TV Streaming,watch local channels streaming,Phrase,,,,,,,,,,,,,,,,,,,,,,,,,,,,,,,,
Keyword,Add,Enabled,StreamStick Pro - IPTV Subscriptions,Live TV Streaming,live news streaming service,Phrase,,,,,,,,,,,,,,,,,,,,,,,,,,,,,,,,
Keyword,Add,Enabled,StreamStick Pro - IPTV Subscriptions,Free Trial Low Price,iptv free trial usa,Phrase,,,,,,,,,,,,,,,,,,,,,,,,,,,,,,,,
Keyword,Add,Enabled,StreamStick Pro - IPTV Subscriptions,Free Trial Low Price,try iptv free,Broad,,,,,,,,,,,,,,,,,,,,,,,,,,,,,,,,
Keyword,Add,Enabled,StreamStick Pro - IPTV Subscriptions,Free Trial Low Price,iptv 24 hour trial,Phrase,,,,,,,,,,,,,,,,,,,,,,,,,,,,,,,,
Keyword,Add,Enabled,StreamStick Pro - IPTV Subscriptions,Free Trial Low Price,cheap streaming service usa,Phrase,,,,,,,,,,,,,,,,,,,,,,,,,,,,,,,,
Keyword,Add,Enabled,StreamStick Pro - IPTV Subscriptions,Free Trial Low Price,low cost live tv streaming,Phrase,,,,,,,,,,,,,,,,,,,,,,,,,,,,,,,,
Keyword,Add,Enabled,StreamStick Pro - IPTV Subscriptions,Free Trial Low Price,iptv no contract,Phrase,,,,,,,,,,,,,,,,,,,,,,,,,,,,,,,,
Keyword,Add,Enabled,StreamStick Pro - IPTV Subscriptions,Free Trial Low Price,cancel anytime streaming service,Phrase,,,,,,,,,,,,,,,,,,,,,,,,,,,,,,,,
Keyword,Add,Enabled,StreamStick Pro - IPTV Subscriptions,Free Trial Low Price,affordable iptv no commitment,Phrase,,,,,,,,,,,,,,,,,,,,,,,,,,,,,,,,
Keyword,Add,Enabled,StreamStick Pro - IPTV Subscriptions,Free Trial Low Price,streaming service under $10,Phrase,,,,,,,,,,,,,,,,,,,,,,,,,,,,,,,,
Keyword,Add,Enabled,StreamStick Pro - IPTV Subscriptions,Free Trial Low Price,iptv trial subscription,Broad,,,,,,,,,,,,,,,,,,,,,,,,,,,,,,,,
Keyword,Add,Enabled,StreamStick Pro - FireStick Sales,FireStick IPTV Setup,iptv for firestick,Phrase,,,,,,,,,,,,,,,,,,,,,,,,,,,,,,,,
Keyword,Add,Enabled,StreamStick Pro - FireStick Sales,FireStick IPTV Setup,best iptv for firestick,Phrase,,,,,,,,,,,,,,,,,,,,,,,,,,,,,,,,
Keyword,Add,Enabled,StreamStick Pro - FireStick Sales,FireStick IPTV Setup,firestick iptv app,Phrase,,,,,,,,,,,,,,,,,,,,,,,,,,,,,,,,
Keyword,Add,Enabled,StreamStick Pro - FireStick Sales,FireStick IPTV Setup,set up iptv on firestick,Phrase,,,,,,,,,,,,,,,,,,,,,,,,,,,,,,,,
Keyword,Add,Enabled,StreamStick Pro - FireStick Sales,FireStick IPTV Setup,amazon firestick iptv service,Phrase,,,,,,,,,,,,,,,,,,,,,,,,,,,,,,,,
Keyword,Add,Enabled,StreamStick Pro - FireStick Sales,FireStick IPTV Setup,firestick live tv channels,Phrase,,,,,,,,,,,,,,,,,,,,,,,,,,,,,,,,
Keyword,Add,Enabled,StreamStick Pro - FireStick Sales,FireStick IPTV Setup,fire stick streaming channels,Phrase,,,,,,,,,,,,,,,,,,,,,,,,,,,,,,,,
Keyword,Add,Enabled,StreamStick Pro - FireStick Sales,FireStick IPTV Setup,firestick tv subscription,Phrase,,,,,,,,,,,,,,,,,,,,,,,,,,,,,,,,
Keyword,Add,Enabled,StreamStick Pro - FireStick Sales,FireStick IPTV Setup,iptv firestick usa,Phrase,,,,,,,,,,,,,,,,,,,,,,,,,,,,,,,,
Keyword,Add,Enabled,StreamStick Pro - FireStick Sales,FireStick IPTV Setup,fire tv iptv setup,Phrase,,,,,,,,,,,,,,,,,,,,,,,,,,,,,,,,
Keyword,Add,Enabled,StreamStick Pro - FireStick Sales,FireStick IPTV Setup,[best iptv for firestick],Exact,,,,,,,,,,,,,,,,,,,,,,,,,,,,,,,,
Keyword,Add,Enabled,StreamStick Pro - FireStick Sales,FireStick IPTV Setup,[iptv for firestick],Exact,,,,,,,,,,,,,,,,,,,,,,,,,,,,,,,,
Keyword,Add,Enabled,StreamStick Pro - FireStick Sales,Jailbroken FireStick Buy,jailbreak firestick service,Phrase,,,,,,,,,,,,,,,,,,,,,,,,,,,,,,,,
Keyword,Add,Enabled,StreamStick Pro - FireStick Sales,Jailbroken FireStick Buy,how to jailbreak fire stick,Broad,,,,,,,,,,,,,,,,,,,,,,,,,,,,,,,,
Keyword,Add,Enabled,StreamStick Pro - FireStick Sales,Jailbroken FireStick Buy,firestick jailbreak setup,Phrase,,,,,,,,,,,,,,,,,,,,,,,,,,,,,,,,
Keyword,Add,Enabled,StreamStick Pro - FireStick Sales,Jailbroken FireStick Buy,sideload apps firestick service,Phrase,,,,,,,,,,,,,,,,,,,,,,,,,,,,,,,,
Keyword,Add,Enabled,StreamStick Pro - FireStick Sales,Jailbroken FireStick Buy,unlock firestick streaming,Phrase,,,,,,,,,,,,,,,,,,,,,,,,,,,,,,,,
Keyword,Add,Enabled,StreamStick Pro - FireStick Sales,Jailbroken FireStick Buy,firestick unlock iptv,Phrase,,,,,,,,,,,,,,,,,,,,,,,,,,,,,,,,
Keyword,Add,Enabled,StreamStick Pro - FireStick Sales,Jailbroken FireStick Buy,jailbroken fire stick streaming,Phrase,,,,,,,,,,,,,,,,,,,,,,,,,,,,,,,,
Keyword,Add,Enabled,StreamStick Pro - FireStick Sales,Jailbroken FireStick Buy,preloaded fire stick iptv,Phrase,,,,,,,,,,,,,,,,,,,,,,,,,,,,,,,,
Keyword,Add,Enabled,StreamStick Pro - FireStick Sales,Jailbroken FireStick Buy,buy loaded firestick,Phrase,,,,,,,,,,,,,,,,,,,,,,,,,,,,,,,,
Keyword,Add,Enabled,StreamStick Pro - FireStick Sales,Jailbroken FireStick Buy,setup jailbroken firestick,Phrase,,,,,,,,,,,,,,,,,,,,,,,,,,,,,,,,
Keyword,Add,Enabled,StreamStick Pro - FireStick Sales,Jailbroken FireStick Buy,firestick fully unlocked,Phrase,,,,,,,,,,,,,,,,,,,,,,,,,,,,,,,,
Keyword,Add,Enabled,StreamStick Pro - FireStick Sales,Jailbroken FireStick Buy,best apps jailbroken firestick,Broad,,,,,,,,,,,,,,,,,,,,,,,,,,,,,,,,
Keyword,Add,Enabled,StreamStick Pro - FireStick Sales,Jailbroken FireStick Buy,[buy jailbroken firestick],Exact,,,,,,,,,,,,,,,,,,,,,,,,,,,,,,,,
Keyword,Add,Enabled,StreamStick Pro - FireStick Sales,Jailbroken FireStick Buy,[preloaded firestick],Exact,,,,,,,,,,,,,,,,,,,,,,,,,,,,,,,,
Keyword,Add,Enabled,StreamStick Pro - FireStick Sales,Fire TV Device Sales,amazon fire tv stick streaming,Phrase,,,,,,,,,,,,,,,,,,,,,,,,,,,,,,,,
Keyword,Add,Enabled,StreamStick Pro - FireStick Sales,Fire TV Device Sales,fire tv streaming service,Phrase,,,,,,,,,,,,,,,,,,,,,,,,,,,,,,,,
Keyword,Add,Enabled,StreamStick Pro - FireStick Sales,Fire TV Device Sales,best fire stick streaming app,Phrase,,,,,,,,,,,,,,,,,,,,,,,,,,,,,,,,
Keyword,Add,Enabled,StreamStick Pro - FireStick Sales,Fire TV Device Sales,fire stick setup service usa,Phrase,,,,,,,,,,,,,,,,,,,,,,,,,,,,,,,,
Keyword,Add,Enabled,StreamStick Pro - FireStick Sales,Fire TV Device Sales,fire tv channels subscription,Phrase,,,,,,,,,,,,,,,,,,,,,,,,,,,,,,,,
Keyword,Add,Enabled,StreamStick Pro - FireStick Sales,Fire TV Device Sales,stream live tv fire stick,Phrase,,,,,,,,,,,,,,,,,,,,,,,,,,,,,,,,
Keyword,Add,Enabled,StreamStick Pro - FireStick Sales,Fire TV Device Sales,amazon fire stick live tv app,Phrase,,,,,,,,,,,,,,,,,,,,,,,,,,,,,,,,
Keyword,Add,Enabled,StreamStick Pro - FireStick Sales,Fire TV Device Sales,fire tv iptv usa canada,Phrase,,,,,,,,,,,,,,,,,,,,,,,,,,,,,,,,
Keyword,Add,Enabled,StreamStick Pro - FireStick Sales,Streaming Device General,best streaming device usa 2025,Broad,,,,,,,,,,,,,,,,,,,,,,,,,,,,,,,,
Keyword,Add,Enabled,StreamStick Pro - FireStick Sales,Streaming Device General,streaming stick service,Broad,,,,,,,,,,,,,,,,,,,,,,,,,,,,,,,,
Keyword,Add,Enabled,StreamStick Pro - FireStick Sales,Streaming Device General,streaming device iptv,Broad,,,,,,,,,,,,,,,,,,,,,,,,,,,,,,,,
Keyword,Add,Enabled,StreamStick Pro - FireStick Sales,Streaming Device General,affordable streaming service usa,Broad,,,,,,,,,,,,,,,,,,,,,,,,,,,,,,,,
Keyword,Add,Enabled,StreamStick Pro - FireStick Sales,Streaming Device General,streaming service for any device,Broad,,,,,,,,,,,,,,,,,,,,,,,,,,,,,,,,
Keyword,Add,Enabled,StreamStick Pro - FireStick Sales,Streaming Device General,roku streaming iptv,Broad,,,,,,,,,,,,,,,,,,,,,,,,,,,,,,,,
Keyword,Add,Enabled,StreamStick Pro - FireStick Sales,Streaming Device General,android tv iptv service,Broad,,,,,,,,,,,,,,,,,,,,,,,,,,,,,,,,
Keyword,Add,Enabled,StreamStick Pro - FireStick Sales,Streaming Device General,smart tv streaming service usa,Broad,,,,,,,,,,,,,,,,,,,,,,,,,,,,,,,,
Keyword,Add,Enabled,StreamStick Pro - FireStick Sales,Streaming Device General,streaming box iptv subscription,Broad,,,,,,,,,,,,,,,,,,,,,,,,,,,,,,,,
Keyword,Add,Enabled,StreamStick Pro - FireStick Sales,Streaming Device General,best streaming service us canada,Broad,,,,,,,,,,,,,,,,,,,,,,,,,,,,,,,,
Ad,Add,Enabled,StreamStick Pro - IPTV Subscriptions,IPTV Direct - Buyer Intent,,,"https://streamerstickpro.com",Responsive search ad,StreamStick Pro - IPTV USA,Best IPTV Service USA & Canada,1000+ Live TV Channels,Stream From $9.99/Month,HD & 4K - Zero Buffering,No Contract Cancel Anytime,Free 24-Hour Trial Today,Sports Movies & Live TV,Top Rated IPTV 2025,Cut Cable Switch to IPTV,Watch TV on Any Device,Buy IPTV Subscription Now,USA Canada IPTV Service,Premium Live TV Streaming,Affordable IPTV No Fees,Stream 1000+ live TV channels in HD & 4K. No buffering. No contract. Free trial. USA & Canada.,Replace cable with StreamStick Pro IPTV starting at $9.99/mo. Fire Stick Roku Smart TV. Try free!,The #1 rated IPTV service in North America. Sports news movies & entertainment. Cancel anytime.,Premium IPTV - HD & 4K channels. Sports live TV movies. Easy setup. 24/7 support. Buy now!,iptv,subscription
Ad,Add,Enabled,StreamStick Pro - IPTV Subscriptions,Jailbroken & Preloaded Devices,,,"https://streamerstickpro.com",Responsive search ad,Jailbroken FireStick - Buy Now,Preloaded Fire Stick USA,Fully Loaded FireStick Ships Fast,Best Preloaded Streaming Device,Jailbroken Fire TV - Ready,1000+ Channels Out of the Box,Custom FireStick IPTV Ready,Buy Preloaded Fire Stick,Sideloaded FireStick Service,Fire Stick Fully Loaded USA,Jailbroken Streaming Device,Setup Done - Just Plug In,StreamStick Pro Fire Stick,No Setup Required Plug & Play,Ships to USA & Canada Fast,Fully loaded FireStick ready to stream 1000+ live TV channels. Ships fast to USA & Canada. Buy now!,Jailbroken FireStick preloaded with StreamStick Pro. HD & 4K channels. Just plug in and watch.,Get a fully preloaded FireStick - no setup needed. 1000+ channels out of the box. Order today!,Custom preloaded Amazon Fire Stick. Sports movies & live TV ready. Fast US shipping. Order now.,firestick,preloaded
Ad,Add,Enabled,StreamStick Pro - IPTV Subscriptions,Cable Cutter Cord Cutter,,,"https://streamerstickpro.com",Responsive search ad,Cut the Cord - Stream Everything,Cancel Cable Save Money Now,No Cable Live TV From $9.99,Cord Cutting IPTV Service USA,Drop Cable Switch to Streaming,Best Cable Alternative 2025,Stream Without Cable USA,Live TV No Cable Subscription,Cord Cutter IPTV Deal,Cable TV Replacement Service,Watch TV Cancel Cable,Stream 1000+ Channels No Cable,Affordable TV No Cable Needed,Cut Cable Watch Live Sports,USA Canada Cord Cutting Deal,Cancel cable and stream 1000+ live TV channels starting at $9.99/mo. No contract. Cancel anytime.,StreamStick Pro is the best cable TV replacement. HD channels sports movies & more. Try free today!,Drop cable for good. StreamStick Pro IPTV works on Fire Stick Roku Smart TV & more. USA & Canada.,The easiest way to cut the cord. 1000+ channels HD quality. No hidden fees. Free 24-hour trial!,cord,cutting
Ad,Add,Enabled,StreamStick Pro - IPTV Subscriptions,Free Trial Low Price,,,"https://streamerstickpro.com",Responsive search ad,Free IPTV Trial - 24 Hours,Try StreamStick Pro Free Today,IPTV From $9.99 No Contract,Cheap IPTV Service USA 2025,Low Cost Live TV Streaming,No Commitment IPTV Trial,Cancel Anytime Streaming Deal,Affordable IPTV Service USA,Try Before You Buy IPTV,Free Trial No Credit Card,Best Value IPTV USA Canada,Start Streaming for Less,Risk Free IPTV Subscription,IPTV Under $10 Per Month,Cheap Premium IPTV Service,Try StreamStick Pro IPTV free for 24 hours. No credit card required. 1000+ channels HD quality.,Affordable IPTV starting at $9.99/mo. No contract no hidden fees. Cancel anytime. USA & Canada.,The cheapest premium IPTV service in USA & Canada. HD & 4K quality. Free trial available now!,Risk-free IPTV subscription. Try free for 24 hours. 1000+ live TV channels. Start streaming today.,free,trial
Ad,Add,Enabled,StreamStick Pro - FireStick Sales,FireStick IPTV Setup,,,"https://streamerstickpro.com",Responsive search ad,StreamStick Pro for Fire Stick,Best IPTV App for FireStick,Setup IPTV on Fire Stick Easy,1000+ Channels on FireStick,Fire Stick IPTV Service USA,Amazon Fire TV IPTV Deal,FireStick Live TV Channels,Top IPTV for Amazon Fire TV,Stream Live TV on Fire Stick,Fire TV IPTV Subscription,Best FireStick Streaming App,IPTV Fire Stick USA Canada,HD Channels on Your FireStick,Sports on Fire TV Stick,Fire Stick Streaming Service,Set up StreamStick Pro on your Amazon Fire Stick in minutes. 1000+ live TV channels. Try free!,The #1 IPTV service for Amazon Fire Stick. HD & 4K channels no buffering. Easy setup guide.,Transform your Fire Stick into a premium TV experience. Sports movies live TV from $9.99/mo.,StreamStick Pro works seamlessly on Amazon Fire TV Stick. Thousands of channels. Free trial today.,firestick,iptv
Ad,Add,Enabled,StreamStick Pro - FireStick Sales,Jailbroken FireStick Buy,,,"https://streamerstickpro.com",Responsive search ad,Buy Jailbroken FireStick Now,Preloaded Fire Stick IPTV,Jailbroken Fire TV - Buy Online,Unlock Your FireStick Today,Fully Unlocked FireStick USA,Sideloaded FireStick Service,Setup Jailbroken FireStick,Jailbroken Fire Stick Streaming,Buy Loaded FireStick USA,FireStick Jailbreak Service,Preloaded IPTV Fire Stick,Unlocked Streaming FireStick,Jailbroken Fire TV Deal USA,Best Jailbroken FireStick 2025,Custom FireStick IPTV Ready,Buy a jailbroken FireStick preloaded with StreamStick Pro. 1000+ channels. Ships to USA & Canada.,Get a fully unlocked Amazon Fire Stick ready to stream. IPTV apps preloaded. Order online today!,StreamStick Pro jailbreak service for your FireStick. Easy setup. HD & 4K quality. Buy now!,Unlock your FireStick and access 1000+ live TV channels. Easy service. USA & Canada shipping.,jailbroken,firestick
Negative Keyword,Add,Enabled,StreamStick Pro - IPTV Subscriptions,,free iptv,Broad,,,,,,,,,,,,,,,,,,,,,,,,,,,,,,,,
Negative Keyword,Add,Enabled,StreamStick Pro - IPTV Subscriptions,,free fire stick,Broad,,,,,,,,,,,,,,,,,,,,,,,,,,,,,,,,
Negative Keyword,Add,Enabled,StreamStick Pro - IPTV Subscriptions,,hack iptv,Broad,,,,,,,,,,,,,,,,,,,,,,,,,,,,,,,,
Negative Keyword,Add,Enabled,StreamStick Pro - IPTV Subscriptions,,pirate iptv,Broad,,,,,,,,,,,,,,,,,,,,,,,,,,,,,,,,
Negative Keyword,Add,Enabled,StreamStick Pro - IPTV Subscriptions,,crack iptv,Broad,,,,,,,,,,,,,,,,,,,,,,,,,,,,,,,,
Negative Keyword,Add,Enabled,StreamStick Pro - IPTV Subscriptions,,free streaming no sign up,Broad,,,,,,,,,,,,,,,,,,,,,,,,,,,,,,,,
Negative Keyword,Add,Enabled,StreamStick Pro - IPTV Subscriptions,,diy jailbreak tutorial,Broad,,,,,,,,,,,,,,,,,,,,,,,,,,,,,,,,
Negative Keyword,Add,Enabled,StreamStick Pro - FireStick Sales,,free iptv,Broad,,,,,,,,,,,,,,,,,,,,,,,,,,,,,,,,
Negative Keyword,Add,Enabled,StreamStick Pro - FireStick Sales,,free fire stick,Broad,,,,,,,,,,,,,,,,,,,,,,,,,,,,,,,,
Negative Keyword,Add,Enabled,StreamStick Pro - FireStick Sales,,hack iptv,Broad,,,,,,,,,,,,,,,,,,,,,,,,,,,,,,,,
Negative Keyword,Add,Enabled,StreamStick Pro - FireStick Sales,,pirate iptv,Broad,,,,,,,,,,,,,,,,,,,,,,,,,,,,,,,,
Negative Keyword,Add,Enabled,StreamStick Pro - FireStick Sales,,crack iptv,Broad,,,,,,,,,,,,,,,,,,,,,,,,,,,,,,,,
Negative Keyword,Add,Enabled,StreamStick Pro - FireStick Sales,,free streaming no sign up,Broad,,,,,,,,,,,,,,,,,,,,,,,,,,,,,,,,
Negative Keyword,Add,Enabled,StreamStick Pro - FireStick Sales,,how to jailbreak free tutorial,Broad,,,,,,,,,,,,,,,,,,,,,,,,,,,,,,,,
