Index,Title,Description,Keywords
1,"IPTV streaming 2025 - starting at $15 | StreamStickPro","Premium IPTV streaming with 18,000+ live TV channels, 60,000+ movies & series. starting at $15. Instant setup, 24/7 support. Start your free trial today!","IPTV streaming, 18,000 live channels, Fire Stick, streaming service, live TV"
2,"IPTV streaming 2025 - save $1,200+ yearly | StreamStickPro","Premium IPTV streaming with 18,000+ live TV channels, 60,000+ movies & series. save $1,200+ yearly. Instant setup, 24/7 support. Start your free trial t...","IPTV streaming, 18,000 live channels, Fire Stick, streaming service, live TV"
3,"IPTV streaming 2025 - no contracts | StreamStickPro","Premium IPTV streaming with 18,000+ live TV channels, 60,000+ movies & series. no contracts. Instant setup, 24/7 support. Start your free trial today!","IPTV streaming, 18,000 live channels, Fire Stick, streaming service, live TV"
4,"IPTV streaming 2025 - cancel anytime | StreamStickPro","Premium IPTV streaming with 18,000+ live TV channels, 60,000+ movies & series. cancel anytime. Instant setup, 24/7 support. Start your free trial today!","IPTV streaming, 18,000 live channels, Fire Stick, streaming service, live TV"
5,"IPTV streaming 2025 - instant access | StreamStickPro","Premium IPTV streaming with 18,000+ live TV channels, 60,000+ movies & series. instant access. Instant setup, 24/7 support. Start your free trial today!","IPTV streaming, 18,000 live channels, Fire Stick, streaming service, live TV"
6,"live TV streaming 2025 - starting at $15 | StreamStickPro","Premium live TV streaming with 18,000+ live TV channels, 60,000+ movies & series. starting at $15. Instant setup, 24/7 support. Start your free trial to...","live TV streaming, 18,000 live channels, Fire Stick, streaming service, live TV"
7,"live TV streaming 2025 - save $1,200+ yearly | StreamStic...","Premium live TV streaming with 18,000+ live TV channels, 60,000+ movies & series. save $1,200+ yearly. Instant setup, 24/7 support. Start your free tria...","live TV streaming, 18,000 live channels, Fire Stick, streaming service, live TV"
8,"live TV streaming 2025 - no contracts | StreamStickPro","Premium live TV streaming with 18,000+ live TV channels, 60,000+ movies & series. no contracts. Instant setup, 24/7 support. Start your free trial today!","live TV streaming, 18,000 live channels, Fire Stick, streaming service, live TV"
9,"live TV streaming 2025 - cancel anytime | StreamStickPro","Premium live TV streaming with 18,000+ live TV channels, 60,000+ movies & series. cancel anytime. Instant setup, 24/7 support. Start your free trial today!","live TV streaming, 18,000 live channels, Fire Stick, streaming service, live TV"
10,"live TV streaming 2025 - instant access | StreamStickPro","Premium live TV streaming with 18,000+ live TV channels, 60,000+ movies & series. instant access. Instant setup, 24/7 support. Start your free trial today!","live TV streaming, 18,000 live channels, Fire Stick, streaming service, live TV"
11,"cheap IPTV 2025 - starting at $15 | StreamStickPro","Premium cheap IPTV with 18,000+ live TV channels, 60,000+ movies & series. starting at $15. Instant setup, 24/7 support. Start your free trial today!","cheap IPTV, 18,000 live channels, Fire Stick, streaming service, live TV"
12,"cheap IPTV 2025 - save $1,200+ yearly | StreamStickPro","Premium cheap IPTV with 18,000+ live TV channels, 60,000+ movies & series. save $1,200+ yearly. Instant setup, 24/7 support. Start your free trial today!","cheap IPTV, 18,000 live channels, Fire Stick, streaming service, live TV"
13,"cheap IPTV 2025 - no contracts | StreamStickPro | StreamS...","Premium cheap IPTV with 18,000+ live TV channels, 60,000+ movies & series. no contracts. Instant setup, 24/7 support. Start your free trial today!","cheap IPTV, 18,000 live channels, Fire Stick, streaming service, live TV"
14,"cheap IPTV 2025 - cancel anytime | StreamStickPro | Strea...","Premium cheap IPTV with 18,000+ live TV channels, 60,000+ movies & series. cancel anytime. Instant setup, 24/7 support. Start your free trial today!","cheap IPTV, 18,000 live channels, Fire Stick, streaming service, live TV"
15,"cheap IPTV 2025 - instant access | StreamStickPro | Strea...","Premium cheap IPTV with 18,000+ live TV channels, 60,000+ movies & series. instant access. Instant setup, 24/7 support. Start your free trial today!","cheap IPTV, 18,000 live channels, Fire Stick, streaming service, live TV"
16,"IPTV service 2025 - starting at $15 | StreamStickPro","Premium IPTV service with 18,000+ live TV channels, 60,000+ movies & series. starting at $15. Instant setup, 24/7 support. Start your free trial today!","IPTV service, 18,000 live channels, Fire Stick, streaming service, live TV"
17,"IPTV service 2025 - save $1,200+ yearly | StreamStickPro","Premium IPTV service with 18,000+ live TV channels, 60,000+ movies & series. save $1,200+ yearly. Instant setup, 24/7 support. Start your free trial today!","IPTV service, 18,000 live channels, Fire Stick, streaming service, live TV"
18,"IPTV service 2025 - no contracts | StreamStickPro | Strea...","Premium IPTV service with 18,000+ live TV channels, 60,000+ movies & series. no contracts. Instant setup, 24/7 support. Start your free trial today!","IPTV service, 18,000 live channels, Fire Stick, streaming service, live TV"
19,"IPTV service 2025 - cancel anytime | StreamStickPro","Premium IPTV service with 18,000+ live TV channels, 60,000+ movies & series. cancel anytime. Instant setup, 24/7 support. Start your free trial today!","IPTV service, 18,000 live channels, Fire Stick, streaming service, live TV"
20,"IPTV service 2025 - instant access | StreamStickPro","Premium IPTV service with 18,000+ live TV channels, 60,000+ movies & series. instant access. Instant setup, 24/7 support. Start your free trial today!","IPTV service, 18,000 live channels, Fire Stick, streaming service, live TV"
21,"premium IPTV 2025 - starting at $15 | StreamStickPro","Premium premium IPTV with 18,000+ live TV channels, 60,000+ movies & series. starting at $15. Instant setup, 24/7 support. Start your free trial today!","premium IPTV, 18,000 live channels, Fire Stick, streaming service, live TV"
22,"premium IPTV 2025 - save $1,200+ yearly | StreamStickPro","Premium premium IPTV with 18,000+ live TV channels, 60,000+ movies & series. save $1,200+ yearly. Instant setup, 24/7 support. Start your free trial today!","premium IPTV, 18,000 live channels, Fire Stick, streaming service, live TV"
23,"premium IPTV 2025 - no contracts | StreamStickPro | Strea...","Premium premium IPTV with 18,000+ live TV channels, 60,000+ movies & series. no contracts. Instant setup, 24/7 support. Start your free trial today!","premium IPTV, 18,000 live channels, Fire Stick, streaming service, live TV"
24,"premium IPTV 2025 - cancel anytime | StreamStickPro","Premium premium IPTV with 18,000+ live TV channels, 60,000+ movies & series. cancel anytime. Instant setup, 24/7 support. Start your free trial today!","premium IPTV, 18,000 live channels, Fire Stick, streaming service, live TV"
25,"premium IPTV 2025 - instant access | StreamStickPro","Premium premium IPTV with 18,000+ live TV channels, 60,000+ movies & series. instant access. Instant setup, 24/7 support. Start your free trial today!","premium IPTV, 18,000 live channels, Fire Stick, streaming service, live TV"
26,"streaming service 2025 - starting at $15 | StreamStickPro","Premium streaming service with 18,000+ live TV channels, 60,000+ movies & series. starting at $15. Instant setup, 24/7 support. Start your free trial to...","streaming service, 18,000 live channels, Fire Stick, streaming service, live TV"
27,"streaming service 2025 - save $1,200+ yearly | StreamStic...","Premium streaming service with 18,000+ live TV channels, 60,000+ movies & series. save $1,200+ yearly. Instant setup, 24/7 support. Start your free tria...","streaming service, 18,000 live channels, Fire Stick, streaming service, live TV"
28,"streaming service 2025 - no contracts | StreamStickPro","Premium streaming service with 18,000+ live TV channels, 60,000+ movies & series. no contracts. Instant setup, 24/7 support. Start your free trial today!","streaming service, 18,000 live channels, Fire Stick, streaming service, live TV"
29,"streaming service 2025 - cancel anytime | StreamStickPro","Premium streaming service with 18,000+ live TV channels, 60,000+ movies & series. cancel anytime. Instant setup, 24/7 support. Start your free trial today!","streaming service, 18,000 live channels, Fire Stick, streaming service, live TV"
30,"streaming service 2025 - instant access | StreamStickPro","Premium streaming service with 18,000+ live TV channels, 60,000+ movies & series. instant access. Instant setup, 24/7 support. Start your free trial today!","streaming service, 18,000 live channels, Fire Stick, streaming service, live TV"
31,"live TV channels 2025 - starting at $15 | StreamStickPro","Premium live TV channels with 18,000+ live TV channels, 60,000+ movies & series. starting at $15. Instant setup, 24/7 support. Start your free trial today!","live TV channels, 18,000 live channels, Fire Stick, streaming service, live TV"
32,"live TV channels 2025 - save $1,200+ yearly | StreamStickPro","Premium live TV channels with 18,000+ live TV channels, 60,000+ movies & series. save $1,200+ yearly. Instant setup, 24/7 support. Start your free trial...","live TV channels, 18,000 live channels, Fire Stick, streaming service, live TV"
33,"live TV channels 2025 - no contracts | StreamStickPro","Premium live TV channels with 18,000+ live TV channels, 60,000+ movies & series. no contracts. Instant setup, 24/7 support. Start your free trial today!","live TV channels, 18,000 live channels, Fire Stick, streaming service, live TV"
34,"live TV channels 2025 - cancel anytime | StreamStickPro","Premium live TV channels with 18,000+ live TV channels, 60,000+ movies & series. cancel anytime. Instant setup, 24/7 support. Start your free trial today!","live TV channels, 18,000 live channels, Fire Stick, streaming service, live TV"
35,"live TV channels 2025 - instant access | StreamStickPro","Premium live TV channels with 18,000+ live TV channels, 60,000+ movies & series. instant access. Instant setup, 24/7 support. Start your free trial today!","live TV channels, 18,000 live channels, Fire Stick, streaming service, live TV"
36,"IPTV subscription 2025 - starting at $15 | StreamStickPro","Premium IPTV subscription with 18,000+ live TV channels, 60,000+ movies & series. starting at $15. Instant setup, 24/7 support. Start your free trial to...","IPTV subscription, 18,000 live channels, Fire Stick, streaming service, live TV"
37,"IPTV subscription 2025 - save $1,200+ yearly | StreamStic...","Premium IPTV subscription with 18,000+ live TV channels, 60,000+ movies & series. save $1,200+ yearly. Instant setup, 24/7 support. Start your free tria...","IPTV subscription, 18,000 live channels, Fire Stick, streaming service, live TV"
38,"IPTV subscription 2025 - no contracts | StreamStickPro","Premium IPTV subscription with 18,000+ live TV channels, 60,000+ movies & series. no contracts. Instant setup, 24/7 support. Start your free trial today!","IPTV subscription, 18,000 live channels, Fire Stick, streaming service, live TV"
39,"IPTV subscription 2025 - cancel anytime | StreamStickPro","Premium IPTV subscription with 18,000+ live TV channels, 60,000+ movies & series. cancel anytime. Instant setup, 24/7 support. Start your free trial today!","IPTV subscription, 18,000 live channels, Fire Stick, streaming service, live TV"
40,"IPTV subscription 2025 - instant access | StreamStickPro","Premium IPTV subscription with 18,000+ live TV channels, 60,000+ movies & series. instant access. Instant setup, 24/7 support. Start your free trial today!","IPTV subscription, 18,000 live channels, Fire Stick, streaming service, live TV"
41,"Fire Stick IPTV 2025 - starting at $15 | StreamStickPro","Premium Fire Stick IPTV with 18,000+ live TV channels, 60,000+ movies & series. starting at $15. Instant setup, 24/7 support. Start your free trial today!","Fire Stick IPTV, 18,000 live channels, Fire Stick, streaming service, live TV"
42,"Fire Stick IPTV 2025 - save $1,200+ yearly | StreamStickPro","Premium Fire Stick IPTV with 18,000+ live TV channels, 60,000+ movies & series. save $1,200+ yearly. Instant setup, 24/7 support. Start your free trial ...","Fire Stick IPTV, 18,000 live channels, Fire Stick, streaming service, live TV"
43,"Fire Stick IPTV 2025 - no contracts | StreamStickPro","Premium Fire Stick IPTV with 18,000+ live TV channels, 60,000+ movies & series. no contracts. Instant setup, 24/7 support. Start your free trial today!","Fire Stick IPTV, 18,000 live channels, Fire Stick, streaming service, live TV"
44,"Fire Stick IPTV 2025 - cancel anytime | StreamStickPro","Premium Fire Stick IPTV with 18,000+ live TV channels, 60,000+ movies & series. cancel anytime. Instant setup, 24/7 support. Start your free trial today!","Fire Stick IPTV, 18,000 live channels, Fire Stick, streaming service, live TV"
45,"Fire Stick IPTV 2025 - instant access | StreamStickPro","Premium Fire Stick IPTV with 18,000+ live TV channels, 60,000+ movies & series. instant access. Instant setup, 24/7 support. Start your free trial today!","Fire Stick IPTV, 18,000 live channels, Fire Stick, streaming service, live TV"
46,"ONN streaming device 2025 - starting at $15 | StreamStickPro","Premium ONN streaming device with 18,000+ live TV channels, 60,000+ movies & series. starting at $15. Instant setup, 24/7 support. Start your free trial...","ONN streaming device, 18,000 live channels, Fire Stick, streaming service, live TV"
47,"ONN streaming device 2025 - save $1,200+ yearly | StreamS...","Premium ONN streaming device with 18,000+ live TV channels, 60,000+ movies & series. save $1,200+ yearly. Instant setup, 24/7 support. Start your free t...","ONN streaming device, 18,000 live channels, Fire Stick, streaming service, live TV"
48,"ONN streaming device 2025 - no contracts | StreamStickPro","Premium ONN streaming device with 18,000+ live TV channels, 60,000+ movies & series. no contracts. Instant setup, 24/7 support. Start your free trial to...","ONN streaming device, 18,000 live channels, Fire Stick, streaming service, live TV"
49,"ONN streaming device 2025 - cancel anytime | StreamStickPro","Premium ONN streaming device with 18,000+ live TV channels, 60,000+ movies & series. cancel anytime. Instant setup, 24/7 support. Start your free trial ...","ONN streaming device, 18,000 live channels, Fire Stick, streaming service, live TV"
50,"ONN streaming device 2025 - instant access | StreamStickPro","Premium ONN streaming device with 18,000+ live TV channels, 60,000+ movies & series. instant access. Instant setup, 24/7 support. Start your free trial ...","ONN streaming device, 18,000 live channels, Fire Stick, streaming service, live TV"
51,"Fire Stick IPTV streaming - Premium Streaming 2025","Best Fire Stick IPTV streaming with 18,000+ live channels, 60,000+ movies. Pre-loaded devices available. Instant credentials, easy 10-minute setup. Free...","Fire Stick, IPTV streaming, pre-loaded Fire Stick, streaming device, live TV"
52,"Fire Stick live TV streaming - Premium Streaming 2025","Best Fire Stick live TV streaming with 18,000+ live channels, 60,000+ movies. Pre-loaded devices available. Instant credentials, easy 10-minute setup. F...","Fire Stick, live TV streaming, pre-loaded Fire Stick, streaming device, live TV"
53,"Fire Stick cheap IPTV - Premium Streaming 2025 | StreamSt...","Best Fire Stick cheap IPTV with 18,000+ live channels, 60,000+ movies. Pre-loaded devices available. Instant credentials, easy 10-minute setup. Free trial!","Fire Stick, cheap IPTV, pre-loaded Fire Stick, streaming device, live TV"
54,"Fire Stick IPTV service - Premium Streaming 2025 | Stream...","Best Fire Stick IPTV service with 18,000+ live channels, 60,000+ movies. Pre-loaded devices available. Instant credentials, easy 10-minute setup. Free t...","Fire Stick, IPTV service, pre-loaded Fire Stick, streaming device, live TV"
55,"Fire TV Stick IPTV streaming - Premium Streaming 2025","Best Fire TV Stick IPTV streaming with 18,000+ live channels, 60,000+ movies. Pre-loaded devices available. Instant credentials, easy 10-minute setup. F...","Fire TV Stick, IPTV streaming, pre-loaded Fire TV Stick, streaming device, live TV"
56,"Fire TV Stick live TV streaming - Premium Streaming 2025","Best Fire TV Stick live TV streaming with 18,000+ live channels, 60,000+ movies. Pre-loaded devices available. Instant credentials, easy 10-minute setup...","Fire TV Stick, live TV streaming, pre-loaded Fire TV Stick, streaming device, live TV"
57,"Fire TV Stick cheap IPTV - Premium Streaming 2025 | Strea...","Best Fire TV Stick cheap IPTV with 18,000+ live channels, 60,000+ movies. Pre-loaded devices available. Instant credentials, easy 10-minute setup. Free ...","Fire TV Stick, cheap IPTV, pre-loaded Fire TV Stick, streaming device, live TV"
58,"Fire TV Stick IPTV service - Premium Streaming 2025","Best Fire TV Stick IPTV service with 18,000+ live channels, 60,000+ movies. Pre-loaded devices available. Instant credentials, easy 10-minute setup. Fre...","Fire TV Stick, IPTV service, pre-loaded Fire TV Stick, streaming device, live TV"
59,"Fire Stick 4K IPTV streaming - Premium Streaming 2025","Best Fire Stick 4K IPTV streaming with 18,000+ live channels, 60,000+ movies. Pre-loaded devices available. Instant credentials, easy 10-minute setup. F...","Fire Stick 4K, IPTV streaming, pre-loaded Fire Stick 4K, streaming device, live TV"
60,"Fire Stick 4K live TV streaming - Premium Streaming 2025","Best Fire Stick 4K live TV streaming with 18,000+ live channels, 60,000+ movies. Pre-loaded devices available. Instant credentials, easy 10-minute setup...","Fire Stick 4K, live TV streaming, pre-loaded Fire Stick 4K, streaming device, live TV"
61,"Fire Stick 4K cheap IPTV - Premium Streaming 2025 | Strea...","Best Fire Stick 4K cheap IPTV with 18,000+ live channels, 60,000+ movies. Pre-loaded devices available. Instant credentials, easy 10-minute setup. Free ...","Fire Stick 4K, cheap IPTV, pre-loaded Fire Stick 4K, streaming device, live TV"
62,"Fire Stick 4K IPTV service - Premium Streaming 2025","Best Fire Stick 4K IPTV service with 18,000+ live channels, 60,000+ movies. Pre-loaded devices available. Instant credentials, easy 10-minute setup. Fre...","Fire Stick 4K, IPTV service, pre-loaded Fire Stick 4K, streaming device, live TV"
63,"Fire Stick 4K Max IPTV streaming - Premium Streaming 2025","Best Fire Stick 4K Max IPTV streaming with 18,000+ live channels, 60,000+ movies. Pre-loaded devices available. Instant credentials, easy 10-minute setu...","Fire Stick 4K Max, IPTV streaming, pre-loaded Fire Stick 4K Max, streaming device, live TV"
64,"Fire Stick 4K Max live TV streaming - Premium Streaming 2025","Best Fire Stick 4K Max live TV streaming with 18,000+ live channels, 60,000+ movies. Pre-loaded devices available. Instant credentials, easy 10-minute s...","Fire Stick 4K Max, live TV streaming, pre-loaded Fire Stick 4K Max, streaming device, live TV"
65,"Fire Stick 4K Max cheap IPTV - Premium Streaming 2025","Best Fire Stick 4K Max cheap IPTV with 18,000+ live channels, 60,000+ movies. Pre-loaded devices available. Instant credentials, easy 10-minute setup. F...","Fire Stick 4K Max, cheap IPTV, pre-loaded Fire Stick 4K Max, streaming device, live TV"
66,"Fire Stick 4K Max IPTV service - Premium Streaming 2025","Best Fire Stick 4K Max IPTV service with 18,000+ live channels, 60,000+ movies. Pre-loaded devices available. Instant credentials, easy 10-minute setup....","Fire Stick 4K Max, IPTV service, pre-loaded Fire Stick 4K Max, streaming device, live TV"
67,"ONN 4K IPTV streaming - Premium Streaming 2025 | StreamSt...","Best ONN 4K IPTV streaming with 18,000+ live channels, 60,000+ movies. Pre-loaded devices available. Instant credentials, easy 10-minute setup. Free trial!","ONN 4K, IPTV streaming, pre-loaded ONN 4K, streaming device, live TV"
68,"ONN 4K live TV streaming - Premium Streaming 2025 | Strea...","Best ONN 4K live TV streaming with 18,000+ live channels, 60,000+ movies. Pre-loaded devices available. Instant credentials, easy 10-minute setup. Free ...","ONN 4K, live TV streaming, pre-loaded ONN 4K, streaming device, live TV"
69,"ONN 4K cheap IPTV - Premium Streaming 2025 | StreamStickPro","Best ONN 4K cheap IPTV with 18,000+ live channels, 60,000+ movies. Pre-loaded devices available. Instant credentials, easy 10-minute setup. Free trial!","ONN 4K, cheap IPTV, pre-loaded ONN 4K, streaming device, live TV"
70,"ONN 4K IPTV service - Premium Streaming 2025 | StreamStic...","Best ONN 4K IPTV service with 18,000+ live channels, 60,000+ movies. Pre-loaded devices available. Instant credentials, easy 10-minute setup. Free trial!","ONN 4K, IPTV service, pre-loaded ONN 4K, streaming device, live TV"
71,"ONN streaming box IPTV streaming - Premium Streaming 2025","Best ONN streaming box IPTV streaming with 18,000+ live channels, 60,000+ movies. Pre-loaded devices available. Instant credentials, easy 10-minute setu...","ONN streaming box, IPTV streaming, pre-loaded ONN streaming box, streaming device, live TV"
72,"ONN streaming box live TV streaming - Premium Streaming 2025","Best ONN streaming box live TV streaming with 18,000+ live channels, 60,000+ movies. Pre-loaded devices available. Instant credentials, easy 10-minute s...","ONN streaming box, live TV streaming, pre-loaded ONN streaming box, streaming device, live TV"
73,"ONN streaming box cheap IPTV - Premium Streaming 2025","Best ONN streaming box cheap IPTV with 18,000+ live channels, 60,000+ movies. Pre-loaded devices available. Instant credentials, easy 10-minute setup. F...","ONN streaming box, cheap IPTV, pre-loaded ONN streaming box, streaming device, live TV"
74,"ONN streaming box IPTV service - Premium Streaming 2025","Best ONN streaming box IPTV service with 18,000+ live channels, 60,000+ movies. Pre-loaded devices available. Instant credentials, easy 10-minute setup....","ONN streaming box, IPTV service, pre-loaded ONN streaming box, streaming device, live TV"
75,"Android TV box IPTV streaming - Premium Streaming 2025","Best Android TV box IPTV streaming with 18,000+ live channels, 60,000+ movies. Pre-loaded devices available. Instant credentials, easy 10-minute setup. ...","Android TV box, IPTV streaming, pre-loaded Android TV box, streaming device, live TV"
76,"Android TV box live TV streaming - Premium Streaming 2025","Best Android TV box live TV streaming with 18,000+ live channels, 60,000+ movies. Pre-loaded devices available. Instant credentials, easy 10-minute setu...","Android TV box, live TV streaming, pre-loaded Android TV box, streaming device, live TV"
77,"Android TV box cheap IPTV - Premium Streaming 2025","Best Android TV box cheap IPTV with 18,000+ live channels, 60,000+ movies. Pre-loaded devices available. Instant credentials, easy 10-minute setup. Free...","Android TV box, cheap IPTV, pre-loaded Android TV box, streaming device, live TV"
78,"Android TV box IPTV service - Premium Streaming 2025","Best Android TV box IPTV service with 18,000+ live channels, 60,000+ movies. Pre-loaded devices available. Instant credentials, easy 10-minute setup. Fr...","Android TV box, IPTV service, pre-loaded Android TV box, streaming device, live TV"
79,"streaming stick IPTV streaming - Premium Streaming 2025","Best streaming stick IPTV streaming with 18,000+ live channels, 60,000+ movies. Pre-loaded devices available. Instant credentials, easy 10-minute setup....","streaming stick, IPTV streaming, pre-loaded streaming stick, streaming device, live TV"
80,"streaming stick live TV streaming - Premium Streaming 2025","Best streaming stick live TV streaming with 18,000+ live channels, 60,000+ movies. Pre-loaded devices available. Instant credentials, easy 10-minute set...","streaming stick, live TV streaming, pre-loaded streaming stick, streaming device, live TV"
81,"streaming stick cheap IPTV - Premium Streaming 2025","Best streaming stick cheap IPTV with 18,000+ live channels, 60,000+ movies. Pre-loaded devices available. Instant credentials, easy 10-minute setup. Fre...","streaming stick, cheap IPTV, pre-loaded streaming stick, streaming device, live TV"
82,"streaming stick IPTV service - Premium Streaming 2025","Best streaming stick IPTV service with 18,000+ live channels, 60,000+ movies. Pre-loaded devices available. Instant credentials, easy 10-minute setup. F...","streaming stick, IPTV service, pre-loaded streaming stick, streaming device, live TV"
83,"smart TV IPTV streaming - Premium Streaming 2025 | Stream...","Best smart TV IPTV streaming with 18,000+ live channels, 60,000+ movies. Pre-loaded devices available. Instant credentials, easy 10-minute setup. Free t...","smart TV, IPTV streaming, pre-loaded smart TV, streaming device, live TV"
84,"smart TV live TV streaming - Premium Streaming 2025","Best smart TV live TV streaming with 18,000+ live channels, 60,000+ movies. Pre-loaded devices available. Instant credentials, easy 10-minute setup. Fre...","smart TV, live TV streaming, pre-loaded smart TV, streaming device, live TV"
85,"smart TV cheap IPTV - Premium Streaming 2025 | StreamStic...","Best smart TV cheap IPTV with 18,000+ live channels, 60,000+ movies. Pre-loaded devices available. Instant credentials, easy 10-minute setup. Free trial!","smart TV, cheap IPTV, pre-loaded smart TV, streaming device, live TV"
86,"smart TV IPTV service - Premium Streaming 2025 | StreamSt...","Best smart TV IPTV service with 18,000+ live channels, 60,000+ movies. Pre-loaded devices available. Instant credentials, easy 10-minute setup. Free trial!","smart TV, IPTV service, pre-loaded smart TV, streaming device, live TV"
87,"Roku alternative IPTV streaming - Premium Streaming 2025","Best Roku alternative IPTV streaming with 18,000+ live channels, 60,000+ movies. Pre-loaded devices available. Instant credentials, easy 10-minute setup...","Roku alternative, IPTV streaming, pre-loaded Roku alternative, streaming device, live TV"
88,"Roku alternative live TV streaming - Premium Streaming 2025","Best Roku alternative live TV streaming with 18,000+ live channels, 60,000+ movies. Pre-loaded devices available. Instant credentials, easy 10-minute se...","Roku alternative, live TV streaming, pre-loaded Roku alternative, streaming device, live TV"
89,"Roku alternative cheap IPTV - Premium Streaming 2025","Best Roku alternative cheap IPTV with 18,000+ live channels, 60,000+ movies. Pre-loaded devices available. Instant credentials, easy 10-minute setup. Fr...","Roku alternative, cheap IPTV, pre-loaded Roku alternative, streaming device, live TV"
90,"Roku alternative IPTV service - Premium Streaming 2025","Best Roku alternative IPTV service with 18,000+ live channels, 60,000+ movies. Pre-loaded devices available. Instant credentials, easy 10-minute setup. ...","Roku alternative, IPTV service, pre-loaded Roku alternative, streaming device, live TV"
91,"Cut cable costs - IPTV Service Starting $15 | StreamStickPro","Cut cable costs with StreamStickPro IPTV. 18,000+ live channels, 60,000+ movies, all sports. Save $1,200+ yearly vs cable. Free trial, instant setup!","cut cable costs, IPTV service, cheap streaming, live TV, no cable"
92,"Cut cable costs - IPTV Service Starting $15 | StreamStickPro","Cut cable costs with StreamStickPro IPTV. 18,000+ live channels, 60,000+ movies, all sports. Save $1,200+ yearly vs cable. Free trial, instant setup!","cut cable costs, IPTV service, cheap streaming, live TV, no cable"
93,"Cut cable costs - IPTV Service Starting $15 | StreamStickPro","Cut cable costs with StreamStickPro IPTV. 18,000+ live channels, 60,000+ movies, all sports. Save $1,200+ yearly vs cable. Free trial, instant setup!","cut cable costs, IPTV service, cheap streaming, live TV, no cable"
94,"Cut cable costs - IPTV Service Starting $15 | StreamStickPro","Cut cable costs with StreamStickPro IPTV. 18,000+ live channels, 60,000+ movies, all sports. Save $1,200+ yearly vs cable. Free trial, instant setup!","cut cable costs, IPTV service, cheap streaming, live TV, no cable"
95,"Cut cable costs - IPTV Service Starting $15 | StreamStickPro","Cut cable costs with StreamStickPro IPTV. 18,000+ live channels, 60,000+ movies, all sports. Save $1,200+ yearly vs cable. Free trial, instant setup!","cut cable costs, IPTV service, cheap streaming, live TV, no cable"
96,"Watch live TV without cable - IPTV Service Starting $15","Watch live TV without cable with StreamStickPro IPTV. 18,000+ live channels, 60,000+ movies, all sports. Save $1,200+ yearly vs cable. Free trial, insta...","watch live tv without cable, IPTV service, cheap streaming, live TV, no cable"
97,"Watch live TV without cable - IPTV Service Starting $15","Watch live TV without cable with StreamStickPro IPTV. 18,000+ live channels, 60,000+ movies, all sports. Save $1,200+ yearly vs cable. Free trial, insta...","watch live tv without cable, IPTV service, cheap streaming, live TV, no cable"
98,"Watch live TV without cable - IPTV Service Starting $15","Watch live TV without cable with StreamStickPro IPTV. 18,000+ live channels, 60,000+ movies, all sports. Save $1,200+ yearly vs cable. Free trial, insta...","watch live tv without cable, IPTV service, cheap streaming, live TV, no cable"
99,"Watch live TV without cable - IPTV Service Starting $15","Watch live TV without cable with StreamStickPro IPTV. 18,000+ live channels, 60,000+ movies, all sports. Save $1,200+ yearly vs cable. Free trial, insta...","watch live tv without cable, IPTV service, cheap streaming, live TV, no cable"
100,"Watch live TV without cable - IPTV Service Starting $15","Watch live TV without cable with StreamStickPro IPTV. 18,000+ live channels, 60,000+ movies, all sports. Save $1,200+ yearly vs cable. Free trial, insta...","watch live tv without cable, IPTV service, cheap streaming, live TV, no cable"
101,"Stream sports for free - IPTV Service Starting $15","Stream sports for free with StreamStickPro IPTV. 18,000+ live channels, 60,000+ movies, all sports. Save $1,200+ yearly vs cable. Free trial, instant se...","stream sports for free, IPTV service, cheap streaming, live TV, no cable"
102,"Stream sports for free - IPTV Service Starting $15","Stream sports for free with StreamStickPro IPTV. 18,000+ live channels, 60,000+ movies, all sports. Save $1,200+ yearly vs cable. Free trial, instant se...","stream sports for free, IPTV service, cheap streaming, live TV, no cable"
103,"Stream sports for free - IPTV Service Starting $15","Stream sports for free with StreamStickPro IPTV. 18,000+ live channels, 60,000+ movies, all sports. Save $1,200+ yearly vs cable. Free trial, instant se...","stream sports for free, IPTV service, cheap streaming, live TV, no cable"
104,"Stream sports for free - IPTV Service Starting $15","Stream sports for free with StreamStickPro IPTV. 18,000+ live channels, 60,000+ movies, all sports. Save $1,200+ yearly vs cable. Free trial, instant se...","stream sports for free, IPTV service, cheap streaming, live TV, no cable"
105,"Stream sports for free - IPTV Service Starting $15","Stream sports for free with StreamStickPro IPTV. 18,000+ live channels, 60,000+ movies, all sports. Save $1,200+ yearly vs cable. Free trial, instant se...","stream sports for free, IPTV service, cheap streaming, live TV, no cable"
106,"Cheapest way to watch TV - IPTV Service Starting $15","Cheapest way to watch TV with StreamStickPro IPTV. 18,000+ live channels, 60,000+ movies, all sports. Save $1,200+ yearly vs cable. Free trial, instant ...","cheapest way to watch tv, IPTV service, cheap streaming, live TV, no cable"
107,"Cheapest way to watch TV - IPTV Service Starting $15","Cheapest way to watch TV with StreamStickPro IPTV. 18,000+ live channels, 60,000+ movies, all sports. Save $1,200+ yearly vs cable. Free trial, instant ...","cheapest way to watch tv, IPTV service, cheap streaming, live TV, no cable"
108,"Cheapest way to watch TV - IPTV Service Starting $15","Cheapest way to watch TV with StreamStickPro IPTV. 18,000+ live channels, 60,000+ movies, all sports. Save $1,200+ yearly vs cable. Free trial, instant ...","cheapest way to watch tv, IPTV service, cheap streaming, live TV, no cable"
109,"Cheapest way to watch TV - IPTV Service Starting $15","Cheapest way to watch TV with StreamStickPro IPTV. 18,000+ live channels, 60,000+ movies, all sports. Save $1,200+ yearly vs cable. Free trial, instant ...","cheapest way to watch tv, IPTV service, cheap streaming, live TV, no cable"
110,"Cheapest way to watch TV - IPTV Service Starting $15","Cheapest way to watch TV with StreamStickPro IPTV. 18,000+ live channels, 60,000+ movies, all sports. Save $1,200+ yearly vs cable. Free trial, instant ...","cheapest way to watch tv, IPTV service, cheap streaming, live TV, no cable"
111,"Alternative to cable TV - IPTV Service Starting $15","Alternative to cable TV with StreamStickPro IPTV. 18,000+ live channels, 60,000+ movies, all sports. Save $1,200+ yearly vs cable. Free trial, instant s...","alternative to cable tv, IPTV service, cheap streaming, live TV, no cable"
112,"Alternative to cable TV - IPTV Service Starting $15","Alternative to cable TV with StreamStickPro IPTV. 18,000+ live channels, 60,000+ movies, all sports. Save $1,200+ yearly vs cable. Free trial, instant s...","alternative to cable tv, IPTV service, cheap streaming, live TV, no cable"
113,"Alternative to cable TV - IPTV Service Starting $15","Alternative to cable TV with StreamStickPro IPTV. 18,000+ live channels, 60,000+ movies, all sports. Save $1,200+ yearly vs cable. Free trial, instant s...","alternative to cable tv, IPTV service, cheap streaming, live TV, no cable"
114,"Alternative to cable TV - IPTV Service Starting $15","Alternative to cable TV with StreamStickPro IPTV. 18,000+ live channels, 60,000+ movies, all sports. Save $1,200+ yearly vs cable. Free trial, instant s...","alternative to cable tv, IPTV service, cheap streaming, live TV, no cable"
115,"Alternative to cable TV - IPTV Service Starting $15","Alternative to cable TV with StreamStickPro IPTV. 18,000+ live channels, 60,000+ movies, all sports. Save $1,200+ yearly vs cable. Free trial, instant s...","alternative to cable tv, IPTV service, cheap streaming, live TV, no cable"
116,"Watch NFL without cable - IPTV Service Starting $15","Watch NFL without cable with StreamStickPro IPTV. 18,000+ live channels, 60,000+ movies, all sports. Save $1,200+ yearly vs cable. Free trial, instant s...","watch nfl without cable, IPTV service, cheap streaming, live TV, no cable"
117,"Watch NFL without cable - IPTV Service Starting $15","Watch NFL without cable with StreamStickPro IPTV. 18,000+ live channels, 60,000+ movies, all sports. Save $1,200+ yearly vs cable. Free trial, instant s...","watch nfl without cable, IPTV service, cheap streaming, live TV, no cable"
118,"Watch NFL without cable - IPTV Service Starting $15","Watch NFL without cable with StreamStickPro IPTV. 18,000+ live channels, 60,000+ movies, all sports. Save $1,200+ yearly vs cable. Free trial, instant s...","watch nfl without cable, IPTV service, cheap streaming, live TV, no cable"
119,"Watch NFL without cable - IPTV Service Starting $15","Watch NFL without cable with StreamStickPro IPTV. 18,000+ live channels, 60,000+ movies, all sports. Save $1,200+ yearly vs cable. Free trial, instant s...","watch nfl without cable, IPTV service, cheap streaming, live TV, no cable"
120,"Watch NFL without cable - IPTV Service Starting $15","Watch NFL without cable with StreamStickPro IPTV. 18,000+ live channels, 60,000+ movies, all sports. Save $1,200+ yearly vs cable. Free trial, instant s...","watch nfl without cable, IPTV service, cheap streaming, live TV, no cable"
121,"Stream movies cheap - IPTV Service Starting $15 | StreamS...","Stream movies cheap with StreamStickPro IPTV. 18,000+ live channels, 60,000+ movies, all sports. Save $1,200+ yearly vs cable. Free trial, instant setup!","stream movies cheap, IPTV service, cheap streaming, live TV, no cable"
122,"Stream movies cheap - IPTV Service Starting $15 | StreamS...","Stream movies cheap with StreamStickPro IPTV. 18,000+ live channels, 60,000+ movies, all sports. Save $1,200+ yearly vs cable. Free trial, instant setup!","stream movies cheap, IPTV service, cheap streaming, live TV, no cable"
123,"Stream movies cheap - IPTV Service Starting $15 | StreamS...","Stream movies cheap with StreamStickPro IPTV. 18,000+ live channels, 60,000+ movies, all sports. Save $1,200+ yearly vs cable. Free trial, instant setup!","stream movies cheap, IPTV service, cheap streaming, live TV, no cable"
124,"Stream movies cheap - IPTV Service Starting $15 | StreamS...","Stream movies cheap with StreamStickPro IPTV. 18,000+ live channels, 60,000+ movies, all sports. Save $1,200+ yearly vs cable. Free trial, instant setup!","stream movies cheap, IPTV service, cheap streaming, live TV, no cable"
125,"Stream movies cheap - IPTV Service Starting $15 | StreamS...","Stream movies cheap with StreamStickPro IPTV. 18,000+ live channels, 60,000+ movies, all sports. Save $1,200+ yearly vs cable. Free trial, instant setup!","stream movies cheap, IPTV service, cheap streaming, live TV, no cable"
126,"Free live TV streaming - IPTV Service Starting $15","Free live TV streaming with StreamStickPro IPTV. 18,000+ live channels, 60,000+ movies, all sports. Save $1,200+ yearly vs cable. Free trial, instant se...","free live tv streaming, IPTV service, cheap streaming, live TV, no cable"
127,"Free live TV streaming - IPTV Service Starting $15","Free live TV streaming with StreamStickPro IPTV. 18,000+ live channels, 60,000+ movies, all sports. Save $1,200+ yearly vs cable. Free trial, instant se...","free live tv streaming, IPTV service, cheap streaming, live TV, no cable"
128,"Free live TV streaming - IPTV Service Starting $15","Free live TV streaming with StreamStickPro IPTV. 18,000+ live channels, 60,000+ movies, all sports. Save $1,200+ yearly vs cable. Free trial, instant se...","free live tv streaming, IPTV service, cheap streaming, live TV, no cable"
129,"Free live TV streaming - IPTV Service Starting $15","Free live TV streaming with StreamStickPro IPTV. 18,000+ live channels, 60,000+ movies, all sports. Save $1,200+ yearly vs cable. Free trial, instant se...","free live tv streaming, IPTV service, cheap streaming, live TV, no cable"
130,"Free live TV streaming - IPTV Service Starting $15","Free live TV streaming with StreamStickPro IPTV. 18,000+ live channels, 60,000+ movies, all sports. Save $1,200+ yearly vs cable. Free trial, instant se...","free live tv streaming, IPTV service, cheap streaming, live TV, no cable"
131,"No contract TV service - IPTV Service Starting $15","No contract TV service with StreamStickPro IPTV. 18,000+ live channels, 60,000+ movies, all sports. Save $1,200+ yearly vs cable. Free trial, instant se...","no contract tv service, IPTV service, cheap streaming, live TV, no cable"
132,"No contract TV service - IPTV Service Starting $15","No contract TV service with StreamStickPro IPTV. 18,000+ live channels, 60,000+ movies, all sports. Save $1,200+ yearly vs cable. Free trial, instant se...","no contract tv service, IPTV service, cheap streaming, live TV, no cable"
133,"No contract TV service - IPTV Service Starting $15","No contract TV service with StreamStickPro IPTV. 18,000+ live channels, 60,000+ movies, all sports. Save $1,200+ yearly vs cable. Free trial, instant se...","no contract tv service, IPTV service, cheap streaming, live TV, no cable"
134,"No contract TV service - IPTV Service Starting $15","No contract TV service with StreamStickPro IPTV. 18,000+ live channels, 60,000+ movies, all sports. Save $1,200+ yearly vs cable. Free trial, instant se...","no contract tv service, IPTV service, cheap streaming, live TV, no cable"
135,"No contract TV service - IPTV Service Starting $15","No contract TV service with StreamStickPro IPTV. 18,000+ live channels, 60,000+ movies, all sports. Save $1,200+ yearly vs cable. Free trial, instant se...","no contract tv service, IPTV service, cheap streaming, live TV, no cable"
136,"Affordable streaming service - IPTV Service Starting $15","Affordable streaming service with StreamStickPro IPTV. 18,000+ live channels, 60,000+ movies, all sports. Save $1,200+ yearly vs cable. Free trial, inst...","affordable streaming service, IPTV service, cheap streaming, live TV, no cable"
137,"Affordable streaming service - IPTV Service Starting $15","Affordable streaming service with StreamStickPro IPTV. 18,000+ live channels, 60,000+ movies, all sports. Save $1,200+ yearly vs cable. Free trial, inst...","affordable streaming service, IPTV service, cheap streaming, live TV, no cable"
138,"Affordable streaming service - IPTV Service Starting $15","Affordable streaming service with StreamStickPro IPTV. 18,000+ live channels, 60,000+ movies, all sports. Save $1,200+ yearly vs cable. Free trial, inst...","affordable streaming service, IPTV service, cheap streaming, live TV, no cable"
139,"Affordable streaming service - IPTV Service Starting $15","Affordable streaming service with StreamStickPro IPTV. 18,000+ live channels, 60,000+ movies, all sports. Save $1,200+ yearly vs cable. Free trial, inst...","affordable streaming service, IPTV service, cheap streaming, live TV, no cable"
140,"Affordable streaming service - IPTV Service Starting $15","Affordable streaming service with StreamStickPro IPTV. 18,000+ live channels, 60,000+ movies, all sports. Save $1,200+ yearly vs cable. Free trial, inst...","affordable streaming service, IPTV service, cheap streaming, live TV, no cable"
141,"18,000 live TV channels - IPTV Streaming Service 2025","Access 18,000 live TV channels with premium IPTV service. 18,000+ channels, 60,000+ movies, all sports included. Starting at $15. Free trial, instant se...","18,000 live TV channels, IPTV streaming, live TV, premium channels, streaming service"
142,"18,000 live TV channels - IPTV Streaming Service 2025","Access 18,000 live TV channels with premium IPTV service. 18,000+ channels, 60,000+ movies, all sports included. Starting at $15. Free trial, instant se...","18,000 live TV channels, IPTV streaming, live TV, premium channels, streaming service"
143,"18,000 live TV channels - IPTV Streaming Service 2025","Access 18,000 live TV channels with premium IPTV service. 18,000+ channels, 60,000+ movies, all sports included. Starting at $15. Free trial, instant se...","18,000 live TV channels, IPTV streaming, live TV, premium channels, streaming service"
144,"18,000 live TV channels - IPTV Streaming Service 2025","Access 18,000 live TV channels with premium IPTV service. 18,000+ channels, 60,000+ movies, all sports included. Starting at $15. Free trial, instant se...","18,000 live TV channels, IPTV streaming, live TV, premium channels, streaming service"
145,"18,000 live TV channels - IPTV Streaming Service 2025","Access 18,000 live TV channels with premium IPTV service. 18,000+ channels, 60,000+ movies, all sports included. Starting at $15. Free trial, instant se...","18,000 live TV channels, IPTV streaming, live TV, premium channels, streaming service"
146,"18,000 live TV channels - IPTV Streaming Service 2025","Access 18,000 live TV channels with premium IPTV service. 18,000+ channels, 60,000+ movies, all sports included. Starting at $15. Free trial, instant se...","18,000 live TV channels, IPTV streaming, live TV, premium channels, streaming service"
147,"60,000 movies & series - IPTV Streaming Service 2025","Access 60,000 movies & series with premium IPTV service. 18,000+ channels, 60,000+ movies, all sports included. Starting at $15. Free trial, instant setup!","60,000 movies & series, IPTV streaming, live TV, premium channels, streaming service"
148,"60,000 movies & series - IPTV Streaming Service 2025","Access 60,000 movies & series with premium IPTV service. 18,000+ channels, 60,000+ movies, all sports included. Starting at $15. Free trial, instant setup!","60,000 movies & series, IPTV streaming, live TV, premium channels, streaming service"
149,"60,000 movies & series - IPTV Streaming Service 2025","Access 60,000 movies & series with premium IPTV service. 18,000+ channels, 60,000+ movies, all sports included. Starting at $15. Free trial, instant setup!","60,000 movies & series, IPTV streaming, live TV, premium channels, streaming service"
150,"60,000 movies & series - IPTV Streaming Service 2025","Access 60,000 movies & series with premium IPTV service. 18,000+ channels, 60,000+ movies, all sports included. Starting at $15. Free trial, instant setup!","60,000 movies & series, IPTV streaming, live TV, premium channels, streaming service"
151,"60,000 movies & series - IPTV Streaming Service 2025","Access 60,000 movies & series with premium IPTV service. 18,000+ channels, 60,000+ movies, all sports included. Starting at $15. Free trial, instant setup!","60,000 movies & series, IPTV streaming, live TV, premium channels, streaming service"
152,"60,000 movies & series - IPTV Streaming Service 2025","Access 60,000 movies & series with premium IPTV service. 18,000+ channels, 60,000+ movies, all sports included. Starting at $15. Free trial, instant setup!","60,000 movies & series, IPTV streaming, live TV, premium channels, streaming service"
153,"Premium sports streaming - IPTV Streaming Service 2025","Access Premium sports streaming with premium IPTV service. 18,000+ channels, 60,000+ movies, all sports included. Starting at $15. Free trial, instant s...","Premium sports streaming, IPTV streaming, live TV, premium channels, streaming service"
154,"Premium sports streaming - IPTV Streaming Service 2025","Access Premium sports streaming with premium IPTV service. 18,000+ channels, 60,000+ movies, all sports included. Starting at $15. Free trial, instant s...","Premium sports streaming, IPTV streaming, live TV, premium channels, streaming service"
155,"Premium sports streaming - IPTV Streaming Service 2025","Access Premium sports streaming with premium IPTV service. 18,000+ channels, 60,000+ movies, all sports included. Starting at $15. Free trial, instant s...","Premium sports streaming, IPTV streaming, live TV, premium channels, streaming service"
156,"Premium sports streaming - IPTV Streaming Service 2025","Access Premium sports streaming with premium IPTV service. 18,000+ channels, 60,000+ movies, all sports included. Starting at $15. Free trial, instant s...","Premium sports streaming, IPTV streaming, live TV, premium channels, streaming service"
157,"Premium sports streaming - IPTV Streaming Service 2025","Access Premium sports streaming with premium IPTV service. 18,000+ channels, 60,000+ movies, all sports included. Starting at $15. Free trial, instant s...","Premium sports streaming, IPTV streaming, live TV, premium channels, streaming service"
158,"Premium sports streaming - IPTV Streaming Service 2025","Access Premium sports streaming with premium IPTV service. 18,000+ channels, 60,000+ movies, all sports included. Starting at $15. Free trial, instant s...","Premium sports streaming, IPTV streaming, live TV, premium channels, streaming service"
159,"NFL live streaming - IPTV Streaming Service 2025 | Stream...","Access NFL live streaming with premium IPTV service. 18,000+ channels, 60,000+ movies, all sports included. Starting at $15. Free trial, instant setup!","NFL live streaming, IPTV streaming, live TV, premium channels, streaming service"
160,"NFL live streaming - IPTV Streaming Service 2025 | Stream...","Access NFL live streaming with premium IPTV service. 18,000+ channels, 60,000+ movies, all sports included. Starting at $15. Free trial, instant setup!","NFL live streaming, IPTV streaming, live TV, premium channels, streaming service"
161,"NFL live streaming - IPTV Streaming Service 2025 | Stream...","Access NFL live streaming with premium IPTV service. 18,000+ channels, 60,000+ movies, all sports included. Starting at $15. Free trial, instant setup!","NFL live streaming, IPTV streaming, live TV, premium channels, streaming service"
162,"NFL live streaming - IPTV Streaming Service 2025 | Stream...","Access NFL live streaming with premium IPTV service. 18,000+ channels, 60,000+ movies, all sports included. Starting at $15. Free trial, instant setup!","NFL live streaming, IPTV streaming, live TV, premium channels, streaming service"
163,"NFL live streaming - IPTV Streaming Service 2025 | Stream...","Access NFL live streaming with premium IPTV service. 18,000+ channels, 60,000+ movies, all sports included. Starting at $15. Free trial, instant setup!","NFL live streaming, IPTV streaming, live TV, premium channels, streaming service"
164,"NFL live streaming - IPTV Streaming Service 2025 | Stream...","Access NFL live streaming with premium IPTV service. 18,000+ channels, 60,000+ movies, all sports included. Starting at $15. Free trial, instant setup!","NFL live streaming, IPTV streaming, live TV, premium channels, streaming service"
165,"NBA live streaming - IPTV Streaming Service 2025 | Stream...","Access NBA live streaming with premium IPTV service. 18,000+ channels, 60,000+ movies, all sports included. Starting at $15. Free trial, instant setup!","NBA live streaming, IPTV streaming, live TV, premium channels, streaming service"
166,"NBA live streaming - IPTV Streaming Service 2025 | Stream...","Access NBA live streaming with premium IPTV service. 18,000+ channels, 60,000+ movies, all sports included. Starting at $15. Free trial, instant setup!","NBA live streaming, IPTV streaming, live TV, premium channels, streaming service"
167,"NBA live streaming - IPTV Streaming Service 2025 | Stream...","Access NBA live streaming with premium IPTV service. 18,000+ channels, 60,000+ movies, all sports included. Starting at $15. Free trial, instant setup!","NBA live streaming, IPTV streaming, live TV, premium channels, streaming service"
168,"NBA live streaming - IPTV Streaming Service 2025 | Stream...","Access NBA live streaming with premium IPTV service. 18,000+ channels, 60,000+ movies, all sports included. Starting at $15. Free trial, instant setup!","NBA live streaming, IPTV streaming, live TV, premium channels, streaming service"
169,"NBA live streaming - IPTV Streaming Service 2025 | Stream...","Access NBA live streaming with premium IPTV service. 18,000+ channels, 60,000+ movies, all sports included. Starting at $15. Free trial, instant setup!","NBA live streaming, IPTV streaming, live TV, premium channels, streaming service"
170,"NBA live streaming - IPTV Streaming Service 2025 | Stream...","Access NBA live streaming with premium IPTV service. 18,000+ channels, 60,000+ movies, all sports included. Starting at $15. Free trial, instant setup!","NBA live streaming, IPTV streaming, live TV, premium channels, streaming service"
171,"UFC PPV events - IPTV Streaming Service 2025 | StreamStic...","Access UFC PPV events with premium IPTV service. 18,000+ channels, 60,000+ movies, all sports included. Starting at $15. Free trial, instant setup!","UFC PPV events, IPTV streaming, live TV, premium channels, streaming service"
172,"UFC PPV events - IPTV Streaming Service 2025 | StreamStic...","Access UFC PPV events with premium IPTV service. 18,000+ channels, 60,000+ movies, all sports included. Starting at $15. Free trial, instant setup!","UFC PPV events, IPTV streaming, live TV, premium channels, streaming service"
173,"UFC PPV events - IPTV Streaming Service 2025 | StreamStic...","Access UFC PPV events with premium IPTV service. 18,000+ channels, 60,000+ movies, all sports included. Starting at $15. Free trial, instant setup!","UFC PPV events, IPTV streaming, live TV, premium channels, streaming service"
174,"UFC PPV events - IPTV Streaming Service 2025 | StreamStic...","Access UFC PPV events with premium IPTV service. 18,000+ channels, 60,000+ movies, all sports included. Starting at $15. Free trial, instant setup!","UFC PPV events, IPTV streaming, live TV, premium channels, streaming service"
175,"UFC PPV events - IPTV Streaming Service 2025 | StreamStic...","Access UFC PPV events with premium IPTV service. 18,000+ channels, 60,000+ movies, all sports included. Starting at $15. Free trial, instant setup!","UFC PPV events, IPTV streaming, live TV, premium channels, streaming service"
176,"UFC PPV events - IPTV Streaming Service 2025 | StreamStic...","Access UFC PPV events with premium IPTV service. 18,000+ channels, 60,000+ movies, all sports included. Starting at $15. Free trial, instant setup!","UFC PPV events, IPTV streaming, live TV, premium channels, streaming service"
177,"International channels - IPTV Streaming Service 2025","Access International channels with premium IPTV service. 18,000+ channels, 60,000+ movies, all sports included. Starting at $15. Free trial, instant setup!","International channels, IPTV streaming, live TV, premium channels, streaming service"
178,"International channels - IPTV Streaming Service 2025","Access International channels with premium IPTV service. 18,000+ channels, 60,000+ movies, all sports included. Starting at $15. Free trial, instant setup!","International channels, IPTV streaming, live TV, premium channels, streaming service"
179,"International channels - IPTV Streaming Service 2025","Access International channels with premium IPTV service. 18,000+ channels, 60,000+ movies, all sports included. Starting at $15. Free trial, instant setup!","International channels, IPTV streaming, live TV, premium channels, streaming service"
180,"International channels - IPTV Streaming Service 2025","Access International channels with premium IPTV service. 18,000+ channels, 60,000+ movies, all sports included. Starting at $15. Free trial, instant setup!","International channels, IPTV streaming, live TV, premium channels, streaming service"
181,"International channels - IPTV Streaming Service 2025","Access International channels with premium IPTV service. 18,000+ channels, 60,000+ movies, all sports included. Starting at $15. Free trial, instant setup!","International channels, IPTV streaming, live TV, premium channels, streaming service"
182,"International channels - IPTV Streaming Service 2025","Access International channels with premium IPTV service. 18,000+ channels, 60,000+ movies, all sports included. Starting at $15. Free trial, instant setup!","International channels, IPTV streaming, live TV, premium channels, streaming service"
183,"Premium movie channels - IPTV Streaming Service 2025","Access Premium movie channels with premium IPTV service. 18,000+ channels, 60,000+ movies, all sports included. Starting at $15. Free trial, instant setup!","Premium movie channels, IPTV streaming, live TV, premium channels, streaming service"
184,"Premium movie channels - IPTV Streaming Service 2025","Access Premium movie channels with premium IPTV service. 18,000+ channels, 60,000+ movies, all sports included. Starting at $15. Free trial, instant setup!","Premium movie channels, IPTV streaming, live TV, premium channels, streaming service"
185,"Premium movie channels - IPTV Streaming Service 2025","Access Premium movie channels with premium IPTV service. 18,000+ channels, 60,000+ movies, all sports included. Starting at $15. Free trial, instant setup!","Premium movie channels, IPTV streaming, live TV, premium channels, streaming service"
186,"Premium movie channels - IPTV Streaming Service 2025","Access Premium movie channels with premium IPTV service. 18,000+ channels, 60,000+ movies, all sports included. Starting at $15. Free trial, instant setup!","Premium movie channels, IPTV streaming, live TV, premium channels, streaming service"
187,"Premium movie channels - IPTV Streaming Service 2025","Access Premium movie channels with premium IPTV service. 18,000+ channels, 60,000+ movies, all sports included. Starting at $15. Free trial, instant setup!","Premium movie channels, IPTV streaming, live TV, premium channels, streaming service"
188,"Premium movie channels - IPTV Streaming Service 2025","Access Premium movie channels with premium IPTV service. 18,000+ channels, 60,000+ movies, all sports included. Starting at $15. Free trial, instant setup!","Premium movie channels, IPTV streaming, live TV, premium channels, streaming service"
189,"Kids programming - IPTV Streaming Service 2025 | StreamSt...","Access Kids programming with premium IPTV service. 18,000+ channels, 60,000+ movies, all sports included. Starting at $15. Free trial, instant setup!","Kids programming, IPTV streaming, live TV, premium channels, streaming service"
190,"Kids programming - IPTV Streaming Service 2025 | StreamSt...","Access Kids programming with premium IPTV service. 18,000+ channels, 60,000+ movies, all sports included. Starting at $15. Free trial, instant setup!","Kids programming, IPTV streaming, live TV, premium channels, streaming service"
191,"Kids programming - IPTV Streaming Service 2025 | StreamSt...","Access Kids programming with premium IPTV service. 18,000+ channels, 60,000+ movies, all sports included. Starting at $15. Free trial, instant setup!","Kids programming, IPTV streaming, live TV, premium channels, streaming service"
192,"Kids programming - IPTV Streaming Service 2025 | StreamSt...","Access Kids programming with premium IPTV service. 18,000+ channels, 60,000+ movies, all sports included. Starting at $15. Free trial, instant setup!","Kids programming, IPTV streaming, live TV, premium channels, streaming service"
193,"Kids programming - IPTV Streaming Service 2025 | StreamSt...","Access Kids programming with premium IPTV service. 18,000+ channels, 60,000+ movies, all sports included. Starting at $15. Free trial, instant setup!","Kids programming, IPTV streaming, live TV, premium channels, streaming service"
194,"Kids programming - IPTV Streaming Service 2025 | StreamSt...","Access Kids programming with premium IPTV service. 18,000+ channels, 60,000+ movies, all sports included. Starting at $15. Free trial, instant setup!","Kids programming, IPTV streaming, live TV, premium channels, streaming service"
195,"News channels worldwide - IPTV Streaming Service 2025","Access News channels worldwide with premium IPTV service. 18,000+ channels, 60,000+ movies, all sports included. Starting at $15. Free trial, instant se...","News channels worldwide, IPTV streaming, live TV, premium channels, streaming service"
196,"News channels worldwide - IPTV Streaming Service 2025","Access News channels worldwide with premium IPTV service. 18,000+ channels, 60,000+ movies, all sports included. Starting at $15. Free trial, instant se...","News channels worldwide, IPTV streaming, live TV, premium channels, streaming service"
197,"News channels worldwide - IPTV Streaming Service 2025","Access News channels worldwide with premium IPTV service. 18,000+ channels, 60,000+ movies, all sports included. Starting at $15. Free trial, instant se...","News channels worldwide, IPTV streaming, live TV, premium channels, streaming service"
198,"News channels worldwide - IPTV Streaming Service 2025","Access News channels worldwide with premium IPTV service. 18,000+ channels, 60,000+ movies, all sports included. Starting at $15. Free trial, instant se...","News channels worldwide, IPTV streaming, live TV, premium channels, streaming service"
199,"News channels worldwide - IPTV Streaming Service 2025","Access News channels worldwide with premium IPTV service. 18,000+ channels, 60,000+ movies, all sports included. Starting at $15. Free trial, instant se...","News channels worldwide, IPTV streaming, live TV, premium channels, streaming service"
200,"News channels worldwide - IPTV Streaming Service 2025","Access News channels worldwide with premium IPTV service. 18,000+ channels, 60,000+ movies, all sports included. Starting at $15. Free trial, instant se...","News channels worldwide, IPTV streaming, live TV, premium channels, streaming service"
201,"Fire Stick IPTV USA - Premium Streaming | StreamStickPro","Best Fire Stick IPTV service for USA. 18,000+ live channels, 60,000+ movies. Pre-loaded devices, instant setup. Free trial available! Start streaming to...","Fire Stick USA, IPTV USA, streaming USA, live TV USA"
202,"Fire Stick IPTV USA - Premium Streaming | StreamStickPro","Best Fire Stick IPTV service for USA. 18,000+ live channels, 60,000+ movies. Pre-loaded devices, instant setup. Free trial available! Start streaming to...","Fire Stick USA, IPTV USA, streaming USA, live TV USA"
203,"Fire TV Stick IPTV USA - Premium Streaming | StreamStickPro","Best Fire TV Stick IPTV service for USA. 18,000+ live channels, 60,000+ movies. Pre-loaded devices, instant setup. Free trial available! Start streaming...","Fire TV Stick USA, IPTV USA, streaming USA, live TV USA"
204,"Fire TV Stick IPTV USA - Premium Streaming | StreamStickPro","Best Fire TV Stick IPTV service for USA. 18,000+ live channels, 60,000+ movies. Pre-loaded devices, instant setup. Free trial available! Start streaming...","Fire TV Stick USA, IPTV USA, streaming USA, live TV USA"
205,"Fire Stick 4K IPTV USA - Premium Streaming | StreamStickPro","Best Fire Stick 4K IPTV service for USA. 18,000+ live channels, 60,000+ movies. Pre-loaded devices, instant setup. Free trial available! Start streaming...","Fire Stick 4K USA, IPTV USA, streaming USA, live TV USA"
206,"Fire Stick 4K IPTV USA - Premium Streaming | StreamStickPro","Best Fire Stick 4K IPTV service for USA. 18,000+ live channels, 60,000+ movies. Pre-loaded devices, instant setup. Free trial available! Start streaming...","Fire Stick 4K USA, IPTV USA, streaming USA, live TV USA"
207,"Fire Stick 4K Max IPTV USA - Premium Streaming | StreamSt...","Best Fire Stick 4K Max IPTV service for USA. 18,000+ live channels, 60,000+ movies. Pre-loaded devices, instant setup. Free trial available!","Fire Stick 4K Max USA, IPTV USA, streaming USA, live TV USA"
208,"Fire Stick 4K Max IPTV USA - Premium Streaming | StreamSt...","Best Fire Stick 4K Max IPTV service for USA. 18,000+ live channels, 60,000+ movies. Pre-loaded devices, instant setup. Free trial available!","Fire Stick 4K Max USA, IPTV USA, streaming USA, live TV USA"
209,"ONN 4K IPTV USA - Premium Streaming | StreamStickPro","Best ONN 4K IPTV service for USA. 18,000+ live channels, 60,000+ movies. Pre-loaded devices, instant setup. Free trial available! Start streaming today!","ONN 4K USA, IPTV USA, streaming USA, live TV USA"
210,"ONN 4K IPTV USA - Premium Streaming | StreamStickPro","Best ONN 4K IPTV service for USA. 18,000+ live channels, 60,000+ movies. Pre-loaded devices, instant setup. Free trial available! Start streaming today!","ONN 4K USA, IPTV USA, streaming USA, live TV USA"
211,"Fire Stick IPTV Canada - Premium Streaming | StreamStickPro","Best Fire Stick IPTV service for Canada. 18,000+ live channels, 60,000+ movies. Pre-loaded devices, instant setup. Free trial available! Start streaming...","Fire Stick Canada, IPTV Canada, streaming Canada, live TV Canada"
212,"Fire Stick IPTV Canada - Premium Streaming | StreamStickPro","Best Fire Stick IPTV service for Canada. 18,000+ live channels, 60,000+ movies. Pre-loaded devices, instant setup. Free trial available! Start streaming...","Fire Stick Canada, IPTV Canada, streaming Canada, live TV Canada"
213,"Fire TV Stick IPTV Canada - Premium Streaming | StreamSti...","Best Fire TV Stick IPTV service for Canada. 18,000+ live channels, 60,000+ movies. Pre-loaded devices, instant setup. Free trial available! Start stream...","Fire TV Stick Canada, IPTV Canada, streaming Canada, live TV Canada"
214,"Fire TV Stick IPTV Canada - Premium Streaming | StreamSti...","Best Fire TV Stick IPTV service for Canada. 18,000+ live channels, 60,000+ movies. Pre-loaded devices, instant setup. Free trial available! Start stream...","Fire TV Stick Canada, IPTV Canada, streaming Canada, live TV Canada"
215,"Fire Stick 4K IPTV Canada - Premium Streaming | StreamSti...","Best Fire Stick 4K IPTV service for Canada. 18,000+ live channels, 60,000+ movies. Pre-loaded devices, instant setup. Free trial available! Start stream...","Fire Stick 4K Canada, IPTV Canada, streaming Canada, live TV Canada"
216,"Fire Stick 4K IPTV Canada - Premium Streaming | StreamSti...","Best Fire Stick 4K IPTV service for Canada. 18,000+ live channels, 60,000+ movies. Pre-loaded devices, instant setup. Free trial available! Start stream...","Fire Stick 4K Canada, IPTV Canada, streaming Canada, live TV Canada"
217,"Fire Stick 4K Max IPTV Canada - Premium Streaming | Strea...","Best Fire Stick 4K Max IPTV service for Canada. 18,000+ live channels, 60,000+ movies. Pre-loaded devices, instant setup. Free trial available!","Fire Stick 4K Max Canada, IPTV Canada, streaming Canada, live TV Canada"
218,"Fire Stick 4K Max IPTV Canada - Premium Streaming | Strea...","Best Fire Stick 4K Max IPTV service for Canada. 18,000+ live channels, 60,000+ movies. Pre-loaded devices, instant setup. Free trial available!","Fire Stick 4K Max Canada, IPTV Canada, streaming Canada, live TV Canada"
219,"ONN 4K IPTV Canada - Premium Streaming | StreamStickPro","Best ONN 4K IPTV service for Canada. 18,000+ live channels, 60,000+ movies. Pre-loaded devices, instant setup. Free trial available! Start streaming today!","ONN 4K Canada, IPTV Canada, streaming Canada, live TV Canada"
220,"ONN 4K IPTV Canada - Premium Streaming | StreamStickPro","Best ONN 4K IPTV service for Canada. 18,000+ live channels, 60,000+ movies. Pre-loaded devices, instant setup. Free trial available! Start streaming today!","ONN 4K Canada, IPTV Canada, streaming Canada, live TV Canada"
221,"Fire Stick IPTV UK - Premium Streaming | StreamStickPro","Best Fire Stick IPTV service for UK. 18,000+ live channels, 60,000+ movies. Pre-loaded devices, instant setup. Free trial available! Start streaming today!","Fire Stick UK, IPTV UK, streaming UK, live TV UK"
222,"Fire Stick IPTV UK - Premium Streaming | StreamStickPro","Best Fire Stick IPTV service for UK. 18,000+ live channels, 60,000+ movies. Pre-loaded devices, instant setup. Free trial available! Start streaming today!","Fire Stick UK, IPTV UK, streaming UK, live TV UK"
223,"Fire TV Stick IPTV UK - Premium Streaming | StreamStickPro","Best Fire TV Stick IPTV service for UK. 18,000+ live channels, 60,000+ movies. Pre-loaded devices, instant setup. Free trial available! Start streaming ...","Fire TV Stick UK, IPTV UK, streaming UK, live TV UK"
224,"Fire TV Stick IPTV UK - Premium Streaming | StreamStickPro","Best Fire TV Stick IPTV service for UK. 18,000+ live channels, 60,000+ movies. Pre-loaded devices, instant setup. Free trial available! Start streaming ...","Fire TV Stick UK, IPTV UK, streaming UK, live TV UK"
225,"Fire Stick 4K IPTV UK - Premium Streaming | StreamStickPro","Best Fire Stick 4K IPTV service for UK. 18,000+ live channels, 60,000+ movies. Pre-loaded devices, instant setup. Free trial available! Start streaming ...","Fire Stick 4K UK, IPTV UK, streaming UK, live TV UK"
226,"Fire Stick 4K IPTV UK - Premium Streaming | StreamStickPro","Best Fire Stick 4K IPTV service for UK. 18,000+ live channels, 60,000+ movies. Pre-loaded devices, instant setup. Free trial available! Start streaming ...","Fire Stick 4K UK, IPTV UK, streaming UK, live TV UK"
227,"Fire Stick 4K Max IPTV UK - Premium Streaming | StreamSti...","Best Fire Stick 4K Max IPTV service for UK. 18,000+ live channels, 60,000+ movies. Pre-loaded devices, instant setup. Free trial available! Start stream...","Fire Stick 4K Max UK, IPTV UK, streaming UK, live TV UK"
228,"Fire Stick 4K Max IPTV UK - Premium Streaming | StreamSti...","Best Fire Stick 4K Max IPTV service for UK. 18,000+ live channels, 60,000+ movies. Pre-loaded devices, instant setup. Free trial available! Start stream...","Fire Stick 4K Max UK, IPTV UK, streaming UK, live TV UK"
229,"ONN 4K IPTV UK - Premium Streaming | StreamStickPro","Best ONN 4K IPTV service for UK. 18,000+ live channels, 60,000+ movies. Pre-loaded devices, instant setup. Free trial available! Start streaming today!","ONN 4K UK, IPTV UK, streaming UK, live TV UK"
230,"ONN 4K IPTV UK - Premium Streaming | StreamStickPro","Best ONN 4K IPTV service for UK. 18,000+ live channels, 60,000+ movies. Pre-loaded devices, instant setup. Free trial available! Start streaming today!","ONN 4K UK, IPTV UK, streaming UK, live TV UK"
231,"Fire Stick IPTV Australia - Premium Streaming | StreamSti...","Best Fire Stick IPTV service for Australia. 18,000+ live channels, 60,000+ movies. Pre-loaded devices, instant setup. Free trial available! Start stream...","Fire Stick Australia, IPTV Australia, streaming Australia, live TV Australia"
232,"Fire Stick IPTV Australia - Premium Streaming | StreamSti...","Best Fire Stick IPTV service for Australia. 18,000+ live channels, 60,000+ movies. Pre-loaded devices, instant setup. Free trial available! Start stream...","Fire Stick Australia, IPTV Australia, streaming Australia, live TV Australia"
233,"Fire TV Stick IPTV Australia - Premium Streaming | Stream...","Best Fire TV Stick IPTV service for Australia. 18,000+ live channels, 60,000+ movies. Pre-loaded devices, instant setup. Free trial available!","Fire TV Stick Australia, IPTV Australia, streaming Australia, live TV Australia"
234,"Fire TV Stick IPTV Australia - Premium Streaming | Stream...","Best Fire TV Stick IPTV service for Australia. 18,000+ live channels, 60,000+ movies. Pre-loaded devices, instant setup. Free trial available!","Fire TV Stick Australia, IPTV Australia, streaming Australia, live TV Australia"
235,"Fire Stick 4K IPTV Australia - Premium Streaming | Stream...","Best Fire Stick 4K IPTV service for Australia. 18,000+ live channels, 60,000+ movies. Pre-loaded devices, instant setup. Free trial available!","Fire Stick 4K Australia, IPTV Australia, streaming Australia, live TV Australia"
236,"Fire Stick 4K IPTV Australia - Premium Streaming | Stream...","Best Fire Stick 4K IPTV service for Australia. 18,000+ live channels, 60,000+ movies. Pre-loaded devices, instant setup. Free trial available!","Fire Stick 4K Australia, IPTV Australia, streaming Australia, live TV Australia"
237,"Fire Stick 4K Max IPTV Australia - Premium Streaming","Best Fire Stick 4K Max IPTV service for Australia. 18,000+ live channels, 60,000+ movies. Pre-loaded devices, instant setup. Free trial available!","Fire Stick 4K Max Australia, IPTV Australia, streaming Australia, live TV Australia"
238,"Fire Stick 4K Max IPTV Australia - Premium Streaming","Best Fire Stick 4K Max IPTV service for Australia. 18,000+ live channels, 60,000+ movies. Pre-loaded devices, instant setup. Free trial available!","Fire Stick 4K Max Australia, IPTV Australia, streaming Australia, live TV Australia"
239,"ONN 4K IPTV Australia - Premium Streaming | StreamStickPro","Best ONN 4K IPTV service for Australia. 18,000+ live channels, 60,000+ movies. Pre-loaded devices, instant setup. Free trial available! Start streaming ...","ONN 4K Australia, IPTV Australia, streaming Australia, live TV Australia"
240,"ONN 4K IPTV Australia - Premium Streaming | StreamStickPro","Best ONN 4K IPTV service for Australia. 18,000+ live channels, 60,000+ movies. Pre-loaded devices, instant setup. Free trial available! Start streaming ...","ONN 4K Australia, IPTV Australia, streaming Australia, live TV Australia"
241,"Fire Stick IPTV worldwide - Premium Streaming | StreamSti...","Best Fire Stick IPTV service for worldwide. 18,000+ live channels, 60,000+ movies. Pre-loaded devices, instant setup. Free trial available! Start stream...","Fire Stick worldwide, IPTV worldwide, streaming worldwide, live TV worldwide"
242,"Fire Stick IPTV worldwide - Premium Streaming | StreamSti...","Best Fire Stick IPTV service for worldwide. 18,000+ live channels, 60,000+ movies. Pre-loaded devices, instant setup. Free trial available! Start stream...","Fire Stick worldwide, IPTV worldwide, streaming worldwide, live TV worldwide"
243,"Fire TV Stick IPTV worldwide - Premium Streaming | Stream...","Best Fire TV Stick IPTV service for worldwide. 18,000+ live channels, 60,000+ movies. Pre-loaded devices, instant setup. Free trial available!","Fire TV Stick worldwide, IPTV worldwide, streaming worldwide, live TV worldwide"
244,"Fire TV Stick IPTV worldwide - Premium Streaming | Stream...","Best Fire TV Stick IPTV service for worldwide. 18,000+ live channels, 60,000+ movies. Pre-loaded devices, instant setup. Free trial available!","Fire TV Stick worldwide, IPTV worldwide, streaming worldwide, live TV worldwide"
245,"Fire Stick 4K IPTV worldwide - Premium Streaming | Stream...","Best Fire Stick 4K IPTV service for worldwide. 18,000+ live channels, 60,000+ movies. Pre-loaded devices, instant setup. Free trial available!","Fire Stick 4K worldwide, IPTV worldwide, streaming worldwide, live TV worldwide"
246,"Fire Stick 4K IPTV worldwide - Premium Streaming | Stream...","Best Fire Stick 4K IPTV service for worldwide. 18,000+ live channels, 60,000+ movies. Pre-loaded devices, instant setup. Free trial available!","Fire Stick 4K worldwide, IPTV worldwide, streaming worldwide, live TV worldwide"
247,"Fire Stick 4K Max IPTV worldwide - Premium Streaming","Best Fire Stick 4K Max IPTV service for worldwide. 18,000+ live channels, 60,000+ movies. Pre-loaded devices, instant setup. Free trial available!","Fire Stick 4K Max worldwide, IPTV worldwide, streaming worldwide, live TV worldwide"
248,"Fire Stick 4K Max IPTV worldwide - Premium Streaming","Best Fire Stick 4K Max IPTV service for worldwide. 18,000+ live channels, 60,000+ movies. Pre-loaded devices, instant setup. Free trial available!","Fire Stick 4K Max worldwide, IPTV worldwide, streaming worldwide, live TV worldwide"
249,"ONN 4K IPTV worldwide - Premium Streaming | StreamStickPro","Best ONN 4K IPTV service for worldwide. 18,000+ live channels, 60,000+ movies. Pre-loaded devices, instant setup. Free trial available! Start streaming ...","ONN 4K worldwide, IPTV worldwide, streaming worldwide, live TV worldwide"
250,"ONN 4K IPTV worldwide - Premium Streaming | StreamStickPro","Best ONN 4K IPTV service for worldwide. 18,000+ live channels, 60,000+ movies. Pre-loaded devices, instant setup. Free trial available! Start streaming ...","ONN 4K worldwide, IPTV worldwide, streaming worldwide, live TV worldwide"
251,"Best IPTV service 2025 - Reviews & Comparison | StreamSti...","Best IPTV service with 18,000+ channels, 60,000+ movies. Starting at $15/year. Save $1,200+ vs cable. Free trial, 24/7 support. Read reviews!","Best IPTV service, IPTV reviews, best streaming, live TV service, IPTV comparison"
252,"Best IPTV service 2025 - Reviews & Comparison | StreamSti...","Best IPTV service with 18,000+ channels, 60,000+ movies. Starting at $15/year. Save $1,200+ vs cable. Free trial, 24/7 support. Read reviews!","Best IPTV service, IPTV reviews, best streaming, live TV service, IPTV comparison"
253,"Best IPTV service 2025 - Reviews & Comparison | StreamSti...","Best IPTV service with 18,000+ channels, 60,000+ movies. Starting at $15/year. Save $1,200+ vs cable. Free trial, 24/7 support. Read reviews!","Best IPTV service, IPTV reviews, best streaming, live TV service, IPTV comparison"
254,"Best IPTV service 2025 - Reviews & Comparison | StreamSti...","Best IPTV service with 18,000+ channels, 60,000+ movies. Starting at $15/year. Save $1,200+ vs cable. Free trial, 24/7 support. Read reviews!","Best IPTV service, IPTV reviews, best streaming, live TV service, IPTV comparison"
255,"Top IPTV provider 2025 - Reviews & Comparison | StreamSti...","Top IPTV provider with 18,000+ channels, 60,000+ movies. Starting at $15/year. Save $1,200+ vs cable. Free trial, 24/7 support. Read reviews!","Top IPTV provider, IPTV reviews, best streaming, live TV service, IPTV comparison"
256,"Top IPTV provider 2025 - Reviews & Comparison | StreamSti...","Top IPTV provider with 18,000+ channels, 60,000+ movies. Starting at $15/year. Save $1,200+ vs cable. Free trial, 24/7 support. Read reviews!","Top IPTV provider, IPTV reviews, best streaming, live TV service, IPTV comparison"
257,"Top IPTV provider 2025 - Reviews & Comparison | StreamSti...","Top IPTV provider with 18,000+ channels, 60,000+ movies. Starting at $15/year. Save $1,200+ vs cable. Free trial, 24/7 support. Read reviews!","Top IPTV provider, IPTV reviews, best streaming, live TV service, IPTV comparison"
258,"Top IPTV provider 2025 - Reviews & Comparison | StreamSti...","Top IPTV provider with 18,000+ channels, 60,000+ movies. Starting at $15/year. Save $1,200+ vs cable. Free trial, 24/7 support. Read reviews!","Top IPTV provider, IPTV reviews, best streaming, live TV service, IPTV comparison"
259,"Cheapest IPTV 2025 - Reviews & Comparison | StreamStickPro","Cheapest IPTV with 18,000+ channels, 60,000+ movies. Starting at $15/year. Save $1,200+ vs cable. Free trial, 24/7 support. Read reviews! Start streamin...","Cheapest IPTV, IPTV reviews, best streaming, live TV service, IPTV comparison"
260,"Cheapest IPTV 2025 - Reviews & Comparison | StreamStickPro","Cheapest IPTV with 18,000+ channels, 60,000+ movies. Starting at $15/year. Save $1,200+ vs cable. Free trial, 24/7 support. Read reviews! Start streamin...","Cheapest IPTV, IPTV reviews, best streaming, live TV service, IPTV comparison"
261,"Cheapest IPTV 2025 - Reviews & Comparison | StreamStickPro","Cheapest IPTV with 18,000+ channels, 60,000+ movies. Starting at $15/year. Save $1,200+ vs cable. Free trial, 24/7 support. Read reviews! Start streamin...","Cheapest IPTV, IPTV reviews, best streaming, live TV service, IPTV comparison"
262,"Cheapest IPTV 2025 - Reviews & Comparison | StreamStickPro","Cheapest IPTV with 18,000+ channels, 60,000+ movies. Starting at $15/year. Save $1,200+ vs cable. Free trial, 24/7 support. Read reviews! Start streamin...","Cheapest IPTV, IPTV reviews, best streaming, live TV service, IPTV comparison"
263,"Best Fire Stick IPTV 2025 - Reviews & Comparison | Stream...","Best Fire Stick IPTV with 18,000+ channels, 60,000+ movies. Starting at $15/year. Save $1,200+ vs cable. Free trial, 24/7 support. Read reviews!","Best Fire Stick IPTV, IPTV reviews, best streaming, live TV service, IPTV comparison"
264,"Best Fire Stick IPTV 2025 - Reviews & Comparison | Stream...","Best Fire Stick IPTV with 18,000+ channels, 60,000+ movies. Starting at $15/year. Save $1,200+ vs cable. Free trial, 24/7 support. Read reviews!","Best Fire Stick IPTV, IPTV reviews, best streaming, live TV service, IPTV comparison"
265,"Best Fire Stick IPTV 2025 - Reviews & Comparison | Stream...","Best Fire Stick IPTV with 18,000+ channels, 60,000+ movies. Starting at $15/year. Save $1,200+ vs cable. Free trial, 24/7 support. Read reviews!","Best Fire Stick IPTV, IPTV reviews, best streaming, live TV service, IPTV comparison"
266,"Best Fire Stick IPTV 2025 - Reviews & Comparison | Stream...","Best Fire Stick IPTV with 18,000+ channels, 60,000+ movies. Starting at $15/year. Save $1,200+ vs cable. Free trial, 24/7 support. Read reviews!","Best Fire Stick IPTV, IPTV reviews, best streaming, live TV service, IPTV comparison"
267,"Best streaming service 2025 - Reviews & Comparison","Best streaming service with 18,000+ channels, 60,000+ movies. Starting at $15/year. Save $1,200+ vs cable. Free trial, 24/7 support. Read reviews!","Best streaming service, IPTV reviews, best streaming, live TV service, IPTV comparison"
268,"Best streaming service 2025 - Reviews & Comparison","Best streaming service with 18,000+ channels, 60,000+ movies. Starting at $15/year. Save $1,200+ vs cable. Free trial, 24/7 support. Read reviews!","Best streaming service, IPTV reviews, best streaming, live TV service, IPTV comparison"
269,"Best streaming service 2025 - Reviews & Comparison","Best streaming service with 18,000+ channels, 60,000+ movies. Starting at $15/year. Save $1,200+ vs cable. Free trial, 24/7 support. Read reviews!","Best streaming service, IPTV reviews, best streaming, live TV service, IPTV comparison"
270,"Best streaming service 2025 - Reviews & Comparison","Best streaming service with 18,000+ channels, 60,000+ movies. Starting at $15/year. Save $1,200+ vs cable. Free trial, 24/7 support. Read reviews!","Best streaming service, IPTV reviews, best streaming, live TV service, IPTV comparison"
271,"IPTV vs cable 2025 - Reviews & Comparison | StreamStickPro","IPTV vs cable with 18,000+ channels, 60,000+ movies. Starting at $15/year. Save $1,200+ vs cable. Free trial, 24/7 support. Read reviews! Start streamin...","IPTV vs cable, IPTV reviews, best streaming, live TV service, IPTV comparison"
272,"IPTV vs cable 2025 - Reviews & Comparison | StreamStickPro","IPTV vs cable with 18,000+ channels, 60,000+ movies. Starting at $15/year. Save $1,200+ vs cable. Free trial, 24/7 support. Read reviews! Start streamin...","IPTV vs cable, IPTV reviews, best streaming, live TV service, IPTV comparison"
273,"IPTV vs cable 2025 - Reviews & Comparison | StreamStickPro","IPTV vs cable with 18,000+ channels, 60,000+ movies. Starting at $15/year. Save $1,200+ vs cable. Free trial, 24/7 support. Read reviews! Start streamin...","IPTV vs cable, IPTV reviews, best streaming, live TV service, IPTV comparison"
274,"IPTV vs cable 2025 - Reviews & Comparison | StreamStickPro","IPTV vs cable with 18,000+ channels, 60,000+ movies. Starting at $15/year. Save $1,200+ vs cable. Free trial, 24/7 support. Read reviews! Start streamin...","IPTV vs cable, IPTV reviews, best streaming, live TV service, IPTV comparison"
275,"IPTV vs Netflix 2025 - Reviews & Comparison | StreamStickPro","IPTV vs Netflix with 18,000+ channels, 60,000+ movies. Starting at $15/year. Save $1,200+ vs cable. Free trial, 24/7 support. Read reviews! Start stream...","IPTV vs Netflix, IPTV reviews, best streaming, live TV service, IPTV comparison"
276,"IPTV vs Netflix 2025 - Reviews & Comparison | StreamStickPro","IPTV vs Netflix with 18,000+ channels, 60,000+ movies. Starting at $15/year. Save $1,200+ vs cable. Free trial, 24/7 support. Read reviews! Start stream...","IPTV vs Netflix, IPTV reviews, best streaming, live TV service, IPTV comparison"
277,"IPTV vs Netflix 2025 - Reviews & Comparison | StreamStickPro","IPTV vs Netflix with 18,000+ channels, 60,000+ movies. Starting at $15/year. Save $1,200+ vs cable. Free trial, 24/7 support. Read reviews! Start stream...","IPTV vs Netflix, IPTV reviews, best streaming, live TV service, IPTV comparison"
278,"IPTV vs Netflix 2025 - Reviews & Comparison | StreamStickPro","IPTV vs Netflix with 18,000+ channels, 60,000+ movies. Starting at $15/year. Save $1,200+ vs cable. Free trial, 24/7 support. Read reviews! Start stream...","IPTV vs Netflix, IPTV reviews, best streaming, live TV service, IPTV comparison"
279,"Best value IPTV 2025 - Reviews & Comparison | StreamStickPro","Best value IPTV with 18,000+ channels, 60,000+ movies. Starting at $15/year. Save $1,200+ vs cable. Free trial, 24/7 support. Read reviews! Start stream...","Best value IPTV, IPTV reviews, best streaming, live TV service, IPTV comparison"
280,"Best value IPTV 2025 - Reviews & Comparison | StreamStickPro","Best value IPTV with 18,000+ channels, 60,000+ movies. Starting at $15/year. Save $1,200+ vs cable. Free trial, 24/7 support. Read reviews! Start stream...","Best value IPTV, IPTV reviews, best streaming, live TV service, IPTV comparison"
281,"Best value IPTV 2025 - Reviews & Comparison | StreamStickPro","Best value IPTV with 18,000+ channels, 60,000+ movies. Starting at $15/year. Save $1,200+ vs cable. Free trial, 24/7 support. Read reviews! Start stream...","Best value IPTV, IPTV reviews, best streaming, live TV service, IPTV comparison"
282,"Best value IPTV 2025 - Reviews & Comparison | StreamStickPro","Best value IPTV with 18,000+ channels, 60,000+ movies. Starting at $15/year. Save $1,200+ vs cable. Free trial, 24/7 support. Read reviews! Start stream...","Best value IPTV, IPTV reviews, best streaming, live TV service, IPTV comparison"
283,"IPTV streaming Free Trial - No Credit Card 2025 | StreamS...","Start your IPTV streaming free trial today! No credit card required. Access 18,000+ live channels, 60,000+ movies instantly. Cancel anytime. Try free!","IPTV streaming free trial, IPTV free trial, streaming free trial, live TV trial, no credit card"
284,"live TV streaming Free Trial - No Credit Card 2025","Start your live TV streaming free trial today! No credit card required. Access 18,000+ live channels, 60,000+ movies instantly. Cancel anytime. Try free!","live TV streaming free trial, IPTV free trial, streaming free trial, live TV trial, no credit card"
285,"cheap IPTV Free Trial - No Credit Card 2025 | StreamStickPro","Start your cheap IPTV free trial today! No credit card required. Access 18,000+ live channels, 60,000+ movies instantly. Cancel anytime. Try free!","cheap IPTV free trial, IPTV free trial, streaming free trial, live TV trial, no credit card"
286,"IPTV service Free Trial - No Credit Card 2025 | StreamSti...","Start your IPTV service free trial today! No credit card required. Access 18,000+ live channels, 60,000+ movies instantly. Cancel anytime. Try free!","IPTV service free trial, IPTV free trial, streaming free trial, live TV trial, no credit card"
287,"premium IPTV Free Trial - No Credit Card 2025 | StreamSti...","Start your premium IPTV free trial today! No credit card required. Access 18,000+ live channels, 60,000+ movies instantly. Cancel anytime. Try free!","premium IPTV free trial, IPTV free trial, streaming free trial, live TV trial, no credit card"
288,"streaming service Free Trial - No Credit Card 2025","Start your streaming service free trial today! No credit card required. Access 18,000+ live channels, 60,000+ movies instantly. Cancel anytime. Try free!","streaming service free trial, IPTV free trial, streaming free trial, live TV trial, no credit card"
289,"live TV channels Free Trial - No Credit Card 2025 | Strea...","Start your live TV channels free trial today! No credit card required. Access 18,000+ live channels, 60,000+ movies instantly. Cancel anytime. Try free!","live TV channels free trial, IPTV free trial, streaming free trial, live TV trial, no credit card"
290,"IPTV subscription Free Trial - No Credit Card 2025","Start your IPTV subscription free trial today! No credit card required. Access 18,000+ live channels, 60,000+ movies instantly. Cancel anytime. Try free!","IPTV subscription free trial, IPTV free trial, streaming free trial, live TV trial, no credit card"
291,"Fire Stick IPTV Free Trial - No Credit Card 2025 | Stream...","Start your Fire Stick IPTV free trial today! No credit card required. Access 18,000+ live channels, 60,000+ movies instantly. Cancel anytime. Try free!","Fire Stick IPTV free trial, IPTV free trial, streaming free trial, live TV trial, no credit card"
292,"ONN streaming device Free Trial - No Credit Card 2025","Start your ONN streaming device free trial today! No credit card required. Access 18,000+ live channels, 60,000+ movies instantly. Cancel anytime. Try f...","ONN streaming device free trial, IPTV free trial, streaming free trial, live TV trial, no credit card"
293,"pre-loaded Fire Stick Free Trial - No Credit Card 2025","Start your pre-loaded Fire Stick free trial today! No credit card required. Access 18,000+ live channels, 60,000+ movies instantly. Cancel anytime. Try ...","pre-loaded Fire Stick free trial, IPTV free trial, streaming free trial, live TV trial, no credit card"
294,"jailbroken Fire Stick Free Trial - No Credit Card 2025","Start your jailbroken Fire Stick free trial today! No credit card required. Access 18,000+ live channels, 60,000+ movies instantly. Cancel anytime. Try ...","jailbroken Fire Stick free trial, IPTV free trial, streaming free trial, live TV trial, no credit card"
295,"streaming device Free Trial - No Credit Card 2025 | Strea...","Start your streaming device free trial today! No credit card required. Access 18,000+ live channels, 60,000+ movies instantly. Cancel anytime. Try free!","streaming device free trial, IPTV free trial, streaming free trial, live TV trial, no credit card"
296,"IPTV free trial Free Trial - No Credit Card 2025 | Stream...","Start your IPTV free trial free trial today! No credit card required. Access 18,000+ live channels, 60,000+ movies instantly. Cancel anytime. Try free!","IPTV free trial free trial, IPTV free trial, streaming free trial, live TV trial, no credit card"
297,"live TV free trial Free Trial - No Credit Card 2025","Start your live TV free trial free trial today! No credit card required. Access 18,000+ live channels, 60,000+ movies instantly. Cancel anytime. Try free!","live TV free trial free trial, IPTV free trial, streaming free trial, live TV trial, no credit card"
298,"best IPTV service Free Trial - No Credit Card 2025","Start your best IPTV service free trial today! No credit card required. Access 18,000+ live channels, 60,000+ movies instantly. Cancel anytime. Try free!","best IPTV service free trial, IPTV free trial, streaming free trial, live TV trial, no credit card"
299,"IPTV plans Free Trial - No Credit Card 2025 | StreamStickPro","Start your IPTV plans free trial today! No credit card required. Access 18,000+ live channels, 60,000+ movies instantly. Cancel anytime. Try free!","IPTV plans free trial, IPTV free trial, streaming free trial, live TV trial, no credit card"
300,"streaming TV Free Trial - No Credit Card 2025 | StreamSti...","Start your streaming TV free trial today! No credit card required. Access 18,000+ live channels, 60,000+ movies instantly. Cancel anytime. Try free!","streaming TV free trial, IPTV free trial, streaming free trial, live TV trial, no credit card"