keyword,intent,volume_tier,competition,primary_page,notes
best IPTV for Firestick,transactional,high,high,/iptv-firestick,Primary money keyword
best IPTV service 2026,transactional,high,high,/iptv-services,Pillar target
IPTV for Fire Stick,transactional,high,high,/iptv-firestick,
cheap IPTV subscription,transactional,high,medium,/iptv-services,
IPTV live TV,informational,high,medium,/iptv-services,
IPTV media players,informational,high,medium,/android-media-players,
IPTV devices,informational,high,medium,/firestick-devices,
jailbroken Fire Sticks,transactional,high,high,/jailbroken-fire-sticks,
best IPTV Firestick,transactional,high,high,/best-iptv-firestick,
Android devices Fire Sticks,informational,medium,medium,/firestick-devices,
best IPTV service,transactional,high,high,/iptv-services,
IPTV subscription,transactional,high,medium,/shop,
Fire Stick IPTV,informational,high,medium,/iptv-firestick,
best IPTV 2026,transactional,high,high,/iptv-services,
IPTV trial Fire Stick,transactional,medium,medium,/iptv-firestick,
pre configured Fire Stick,transactional,medium,medium,/firestick-devices,
fully loaded Fire Stick,transactional,medium,medium,/firestick-devices,
IPTV Fire Stick setup,informational,medium,low,/blog/setup-iptv-fire-stick-10-minutes,
best streaming device 2026,informational,medium,medium,/firestick-devices,
Fire Stick vs Roku IPTV,informational,medium,low,/blog/roku-vs-fire-stick-iptv-comparison,
IPTV channels list,informational,medium,medium,/iptv-services,
TiviMate IPTV,informational,medium,medium,/blog/iptv-player-fire-stick-apps-compared,
IPTV Smarters Fire Stick,informational,medium,low,/blog/iptv-smarters-pro-setup-guide-2025,
best IPTV apps Fire Stick,informational,medium,medium,/iptv-firestick,
cheap IPTV,transactional,high,medium,/iptv-services,
live TV streaming,informational,high,medium,/iptv-services,
streaming devices comparison,informational,medium,medium,/firestick-devices,
Fire Stick 4K Max,informational,medium,medium,/firestick-devices,
buy jailbroken Fire Stick,transactional,medium,high,/jailbroken-fire-sticks,
IPTV service providers,informational,high,high,/iptv-services,
best Fire Stick apps 2026,informational,medium,medium,/blog,
cord cutting guide,informational,medium,medium,/blog/cord-cutting-beginners-guide,
IPTV vs cable,informational,medium,low,/blog/iptv-vs-cable-tv-comparison-2025,
what is IPTV,informational,high,low,/iptv-services,
Fire Stick not working,informational,medium,low,/blog/fire-stick-not-working-troubleshooting-guide,
IPTV buffering fix,informational,medium,low,/blog/fix-iptv-buffering-guide,
Fire Stick setup,informational,medium,medium,/blog/setup-fire-stick-5-minutes,
best VPN for Fire Stick,informational,medium,medium,/blog/best-vpn-fire-stick-2025,
Fire Stick 4K vs 4K Max,informational,medium,low,/blog/fire-stick-4k-max-vs-fire-tv-cube,
sideload Fire Stick,informational,medium,low,/blog/sideloading-apps-fire-stick-tutorial,
Downloader app Fire Stick,informational,medium,low,/blog/downloader-app-fire-stick-guide,
Kodi Fire Stick,informational,medium,medium,/blog/install-kodi-fire-stick-2025,
watch NFL Fire Stick,informational,medium,medium,/blog/watch-nfl-fire-stick-without-cable,
watch UFC Fire Stick,informational,medium,medium,/blog/watch-ufc-fire-stick-guide,
IPTV free trial,transactional,medium,medium,/free-trial,
IPTV multiple devices,informational,medium,low,/blog/iptv-multiple-fire-sticks-whole-home,
IPTV subscription plans,transactional,medium,medium,/shop,
Fire Stick deals,transactional,medium,medium,/shop,
preloaded Fire Stick,transactional,medium,medium,/firestick-devices,
Fire Stick with IPTV included,transactional,medium,medium,/firestick-devices,
best Android TV box IPTV,informational,medium,medium,/android-media-players,
ONN 4K box IPTV,informational,low,low,/blog/onn-4k-box-iptv-setup-2025,
streaming stick comparison,informational,medium,medium,/firestick-devices,
is IPTV legal,informational,high,medium,/blog/is-iptv-legal-guide-2025,
IPTV for Smart TV,informational,medium,medium,/iptv-services,
IPTV M3U playlist,informational,low,low,/blog/iptv-m3u-playlist-guide,
IPTV EPG guide,informational,low,low,/blog/iptv-epg-guide-importance,
best IPTV USA,informational,medium,medium,/iptv-services,
best IPTV UK,informational,medium,medium,/iptv-services,
best IPTV Canada,informational,medium,medium,/blog/best-iptv-canada-2025,
IPTV sports channels,informational,medium,medium,/blog/best-iptv-sports-channels-2025,
IPTV VOD movies,informational,medium,low,/blog/best-iptv-movies-vod-2025,
IPTV catch up TV,informational,low,low,/blog/iptv-catch-up-feature-guide,
IPTV Xtream Codes,informational,low,low,/blog/iptv-xtream-codes-explained,
Fire Stick remote not working,informational,medium,low,/blog/fire-stick-remote-not-working-fixes,
Fire Stick buffering,informational,medium,low,/blog/fire-stick-buffering-fixes-2025,
Fire Stick storage full,informational,medium,low,/blog/fire-stick-storage-free-up-space,
factory reset Fire Stick,informational,medium,low,/blog/factory-reset-fire-stick-without-remote,
Fire Stick parental controls,informational,low,low,/blog/fire-stick-parental-controls-guide,
Fire Stick Ethernet adapter,informational,low,low,/blog/ethernet-adapter-fire-stick-worth-it,
jailbreak Fire Stick 4K Max,informational,medium,medium,/blog/jailbreak-fire-stick-4k-max-december-2025,
jailbreak vs preconfigured,informational,low,low,/blog/jailbreak-fire-stick-vs-preconfigured,
buy Fire Stick online,transactional,medium,medium,/shop,
Fire Stick with live TV,transactional,medium,medium,/firestick-devices,
streaming device with IPTV,transactional,medium,medium,/firestick-devices,
replace cable with IPTV,informational,medium,medium,/iptv-services,
cut cable TV,informational,medium,medium,/blog/cancel-cable-tv-guide,
IPTV reseller,informational,low,high,N/A,Consider cluster
IPTV box 2026,informational,medium,medium,/android-media-players,
Fire TV Stick vs Cube,informational,medium,low,/blog/fire-stick-4k-max-vs-fire-tv-cube,
Roku vs Fire Stick 2026,informational,medium,medium,/blog/fire-stick-vs-roku-comparison-2025,
Chromecast vs Fire Stick,informational,medium,low,/blog/fire-stick-vs-chromecast-2025,
NVIDIA Shield IPTV,informational,low,low,/blog/iptv-nvidia-shield-setup-guide,
stream 4K Fire Stick,informational,medium,low,/blog/streaming-4k-fire-stick-setup,
Fire Stick WiFi 6,informational,low,low,/blog/fire-stick-wifi6-vs-wifi5-upgrade,
Fire Stick for seniors,informational,low,low,/blog/fire-stick-for-seniors-setup-guide,
whole home IPTV,informational,low,low,/blog/iptv-multiple-fire-sticks-whole-home,
IPTV no freezing,informational,low,low,/iptv-services,
18,000 channels IPTV,informational,low,low,/iptv-services,
StreamStickPro,brand,low,low,/,Brand
Stream Stick Pro,brand,low,low,/,Brand variant
