pillar_url,cluster_topic,cluster_page_slug,target_keyword,anchor_text
/iptv-services,IPTV USA,houston,IPTV Houston,Houston IPTV
/iptv-services,IPTV USA,los-angeles,IPTV Los Angeles,Los Angeles IPTV
/iptv-services,IPTV Canada,toronto,IPTV Toronto,Toronto IPTV
/iptv-services,IPTV UK,london,IPTV London,London IPTV
/jailbroken-fire-sticks,Jailbreak USA,houston,jailbroken Fire Stick Houston,Houston Jailbroken Fire Stick
/jailbroken-fire-sticks,Jailbreak USA,los-angeles,jailbroken Fire Stick Los Angeles,Los Angeles Jailbroken Fire Stick
/iptv-media-players,Google TV USA,houston,Google TV IPTV Houston,Houston Google TV IPTV
/iptv-firestick,IPTV Firestick,*,Best IPTV Firestick,IPTV for Fire Stick
/firestick-devices,Devices,*,Fire Stick devices,Fire Stick Devices
/best-iptv-firestick,Best IPTV,*,Best IPTV Firestick 2026,Best IPTV Firestick
